citySlug,topicSlug,headline_answer,unit,qualifier,detail_rows,source,source_url,verified_date,status,notes,vet,vet_note
lighthouse-point,seawall-height-requirement,4.0,"ft NAVD88, max 5 ft 4 in NAVD88 (conformance tolerance)","Lighthouse Point sets its own rule: seawall caps must be at least 4.0 ft NAVD88 (5.5 ft NGVD29), and owners may raise them to 5.0 ft NAVD88. A new or substantially rebuilt seawall must be designed so the cap can be built to 5.0 ft NAVD88. Because of settling, a cap between 3 ft 8 in and 5 ft 4 in NAVD88 counts as compliant.","Minimum cap :: no less than 4.0 ft NAVD88 (5.5 ft NGVD29) - LDC Sec. 33-18(a), Ord. 2024-1033 (re-enacting Ord. 2023-0998) | Allowed raise :: owners authorized to raise or cap to 5.0 ft NAVD88 (6.5 ft NGVD29) - Sec. 33-18(a) | Tolerance :: 3 ft 8 in to 5 ft 4 in NAVD88 (5 ft 2 in to 6 ft 10 in NGVD29) considered in conformance - Sec. 33-18(a) | New or substantial rehab :: must be designed to accommodate a cap built to 5.0 ft NAVD88 - Sec. 33-18(a)(1) | Return walls :: required where the new wall is higher than the neighbouring property - Sec. 33-18(a)(2) | Existing low walls :: walls below 3 ft 8 in NAVD88 may remain until 50% or more is repaired/reconstructed or the lot is redeveloped - Sec. 33-18(b) | Retaining wall behind seawall :: max 3 ft high or 6 ft NAVD88 at the cap, whichever is less - Sec. 33-18(d)","City of Lighthouse Point Land Development Code Ch. 33 (Shoreline Development) Sec. 33-18, adopted by Ord. No. 2024-1033; amendment originally Ord. No. 2023-0998 (former Sec. 42-381)",https://library.municode.com/fl/lighthouse_point/munidocs/munidocs?nodeId=6fe8e4a3848c0,2026-10,needs-review,"The online Municode code for Lighthouse Point is stale (Supp. 21, 2018) and still shows old Sec. 42-381 with 4.0 ft NAVD88 and a 4 ft 4 in NAVD88 max. The current rule comes from adopted but uncodified ordinances on the city's MuniDocs page: Ord. 2023-0998 (raised the authorized height to 5.0 and the tolerance max to 5 ft 4 in) and Ord. 2024-1033 Exhibit A 'Final version to be codified' Sec. 33-18. Text was read from a scanned PDF via OCR. Exhibit B of 2024-1033 has handwritten edits that seem to add 2035/2050 phase-in wording and strike the tolerance, which doesn't match the clean Exhibit A; the OCR couldn't resolve this, so a person should read the PDF. Second-reading date (2024) is not legible in the OCR. Ord. 2023-0998 is also in OrdBank: https://library.municode.com/fl/lighthouse_point/ordinances/code_of_ordinances?nodeId=1310337. Not checked: whether Broward Co. Code Sec. 39-407 applies inside the city.",HUMAN,"Read Ord. 2024-1033 PDF text layer (MuniDocs) and Ord. 2023-0998 (OrdBank). Numbers 4.0 / 5.0 / 3'8""-5'4"" NAVD88 match Exhibit A Sec. 33-18(a) and the clean 2023-0998 text. Cannot fully confirm: (1) online code still Version Dec 31, 2018 (old Sec. 42-381); (2) Exhibit B p.19 shows a second, hand-edited version of 33-18 adding 'applications ... submitted prior to January 1, 2035 ... by January 1, 2050' and moving the tolerance to an 'Existing Non-conforming Seawalls' subsection - conflicts with clean Exhibit A; (3) the 5.0 ft raise authorization is literally worded for owners 'in Blocks 48, 51, 52, 57, 58, 60, 61, 63, 64, Venetian Isles 3rd Section' (staff report says citywide) - qualifier states it citywide; (4) 33-18(c) still references a 4'4"" NAVD88 threshold for existing walls; (5) Ord. 2024-1033 Sec. 9 makes Ch. 33 effective only when all companion LDC ordinances are adopted. Second reading 6-11-2024 per agenda report p.31."
dania-beach,seawall-height-requirement,5.0,ft NAVD88,"New, substantially repaired or substantially rehabilitated seawalls in Dania Beach must reach at least 5.0 ft NAVD88. Permit applications filed before 1 Jan 2035 can be approved at 4.0 ft NAVD88 if the wall is designed to be raised to 5.0 ft by 2050. The city code sets no maximum seawall height.",Minimum :: 5.0 ft NAVD88 - Code Sec. 12-87(a) | Interim :: Applications submitted before 1 Jan 2035 may be permitted at 4.0 ft NAVD88 if designed and constructed to accommodate 5.0 ft NAVD88 by 1 Jan 2050 - Sec. 12-87(a) | LDC cross-reference :: same standard restated in LDC Sec. 240-30 | Applies to :: new tidal flood barriers and substantial repair/rehab; not oceanfront seaward of the CCCL - Sec. 12-85 | Maintenance :: walls must be kept in good repair; repairs due within 365 days of citation - Sec. 12-87(b)-(c) | Whole shoreline :: substantial repair/rehab must cover the property's entire shoreline - Sec. 12-87(f),"Dania Beach Code of Ordinances Ch. 12, Art. XVII, Sec. 12-87 (Ord. No. 2021-027); LDC Sec. 240-30",https://library.municode.com/fl/dania_beach/codes/code_of_ordinances?nodeId=PTIICOOR_CH12FLDAPR_ARTXVIISE_S12-87MIELCOINWITIINAR,2026-10,verified,Same as Broward County Sec. 39-407. Municode Supp. 163. No seawall maximum found in the code; Sec. 240-20(D) limits dock decks to 3 ft above mean high tide (not a seawall cap). Searched OrdBank for 'seawall' and 'tidal flood' and found no later amendment.,VERIFIED,"Municode Version May 12, 2026 (current); Sec. 12-87(a) text matches exactly (5 ft NAVD88; 4 ft NAVD88 for applications before 1-1-2035 if designed for 5 ft by 1-1-2050); 12-85 applicability and (b),(c),(f) match; Ord. 2021-027. Pending Amendments panel empty. LDC Sec. 240-30 cross-ref and 240-20(D) not re-read."
hallandale-beach,seawall-height-requirement,5.0,ft NAVD88,"New, substantially repaired or substantially rehabilitated seawalls in Hallandale Beach must reach at least 5.0 ft NAVD88. Applications filed before 1 Jan 2035 can be approved at 4.0 ft NAVD88 if the wall is designed to be raised to 5.0 ft by 2050. The city code sets no maximum seawall height.",Minimum :: 5.0 ft NAVD88 - Code Sec. 8-90(a) | Interim :: Applications submitted before 1 Jan 2035 may be permitted at 4.0 ft NAVD88 if designed and constructed to accommodate 5.0 ft NAVD88 by 1 Jan 2050 - Sec. 8-90(a) | Applies to :: new tidal flood barriers and substantial repair/rehab; not oceanfront seaward of the CCCL - Sec. 8-89 | Side containment :: owners must add side containment barriers as needed to keep rainwater on their property - Sec. 8-90(c) | Whole shoreline :: substantial repair/rehab must cover the entire shoreline - Sec. 8-90(f),"Hallandale Beach Code of Ordinances Ch. 8, Art. III, Div. 3, Sec. 8-90 (Ord. No. 2020-030)",https://library.municode.com/fl/hallandale_beach/codes/code_of_ordinances?nodeId=PTIICOOR_CH8BUCOCO_ARTIIIFLMA_DIV3FLREDE_S8-90MIELCOINWITIINAR,2026-10,verified,Same as the Broward County standard. Municode Supp. 16 Update 2. No seawall maximum found. OrdBank search found no later seawall amendment.,VERIFIED,"Municode Version Jul 27, 2026; Sec. 8-90(a),(c),(f) text matches (side containment sentence is in (c)); Ord. 2020-030."
lauderdale-by-the-sea,seawall-height-requirement,5.0,ft NAVD88,"New, substantially repaired or substantially rehabilitated seawalls in Lauderdale-By-The-Sea must reach at least 5.0 ft NAVD88. Applications filed before 1 Jan 2035 can be approved at 4.0 ft NAVD88 if the wall is designed to be raised to 5.0 ft by 2050. The town code sets no maximum seawall height.",Minimum :: 5.0 ft NAVD88 - Code Sec. 9-63(a) | Interim :: Applications submitted before 1 Jan 2035 may be permitted at 4.0 ft NAVD88 if designed and constructed to accommodate 5.0 ft NAVD88 by 1 Jan 2050 - Sec. 9-63(a) | Applies to :: new tidal flood barriers and substantial repair/rehab; not oceanfront seaward of the CCCL - Sec. 9-61 | Enforcement :: failure to maintain is a civil infraction under Ch. 6.5; repairs due within 365 days - Sec. 9-63(b) | Docks :: dock deck may not be higher than the abutting seawall - Sec. 30-311(3),"Lauderdale-By-The-Sea Code of Ordinances Ch. 9, Art. XI, Sec. 9-63 (Ord. No. 2022-01)",https://library.municode.com/fl/lauderdale-by-the-sea/codes/code_of_ordinances?nodeId=PTIICOOR_CH9FLPRCO_ARTXIRESTTIFLPR_S9-63MIELCOINWITIINAR,2026-10,verified,Same as the Broward County standard. Municode Supp. 51. No seawall maximum found. OrdBank search found no later seawall-height amendment.,VERIFIED,"Municode Version Jun 10, 2026; Secs. 9-61 and 9-63(a)-(c) match exactly; Ord. 2022-01. Dock rule Sec. 30-311(3) not re-read."
wilton-manors,seawall-height-requirement,5.0,ft NAVD88,"New or substantially rehabilitated seawalls, seawall caps, canal banks or berms in Wilton Manors must reach at least 5.0 ft NAVD88. Unlike the county rule, the city code has no 4.0 ft option for applications filed before 2035. The city code sets no maximum seawall height.","Minimum :: 5.0 ft NAVD88 for new or substantially rehabilitated seawalls, caps, canal banks or berms - Code Sec. 11-27(a) | Interim :: none; no 4.0 ft option before 2035 in the city text - Sec. 11-27(a) | Maintenance :: repairs due within 365 days of citation - Sec. 11-27(b) | Low walls :: walls below 5.0 ft NAVD88 must not let tidal water onto neighbours or the right-of-way - Sec. 11-27(c) | Rip-rap :: required at the face of new walls where none existed before - Sec. 11-27(f)","Wilton Manors Code of Ordinances Ch. 11, Sec. 11-27 (Ord. No. 2020-002)",https://library.municode.com/fl/wilton_manors/codes/code_of_ordinances?nodeId=PTIICOOR_CH11MAACSHST_S11-27MIELCOINWITIFLAR,2026-10,verified,Stricter than the county: flat 5.0 ft NAVD88 with no 4.0 ft interim. Municode Supp. 68. No seawall maximum found. OrdBank search found no later amendment.,VERIFIED,"Municode Version Jun 15, 2026; Sec. 11-27(a) flat 5 ft NAVD88 with no 2035 interim confirmed; (b),(c),(f) match; Ord. 2020-002."
hillsboro-beach,seawall-height-requirement,5.0,"ft NAVD88, max BFE (7.0 if BFE is 5.0)",New seawalls in Hillsboro Beach must have a top elevation of at least 5.0 ft NAVD88. The top generally may not be higher than the property's FEMA base flood elevation; where the BFE is 5.0 ft the maximum is 7.0 ft NAVD88. Walls must also be designed so they can be raised at least 24 inches later.,Minimum :: 5.0 ft NAVD88 for newly constructed seawalls - Code Sec. 12-268(D) | Max (BFE of 5.0 or more) :: the property's base flood elevation - Sec. 12-268(D) table | Max (BFE equal to 5.0) :: 7.0 ft NAVD88 - Sec. 12-268(D) | Max (X zone) :: per the code's definition of grade (BFE for lowest floor on the FIRM) - Sec. 12-268(D) | Waiver :: Town Commission may allow lower walls where the habitable finished floor is below 5.0 ft NAVD88 - Sec. 12-268(D) | Future raising :: must be designed to be raised at least 24 in - Sec. 12-268(D)(6) | Docks :: fixed docks max 10 in above the adjacent seawall - Sec. 12-268(D)(2),"Hillsboro Beach Code of Ordinances Ch. 12 (LDC), Art. XIII, Sec. 12-268 (Ords. 2017-294, 2020-05, 2021-05)",https://library.municode.com/fl/hillsboro_beach/codes/code_of_ordinances?nodeId=PTIICO_CH12LADECO_DIV5ZO_ARTXIIIADEXMO_S12-268SE,2026-10,verified,"Town has its own rule with no 4.0 ft interim; it also says substantially repaired walls must perform as tidal flood barriers by 1 Jan 2035 at 5.0 ft NAVD88. The code's table rows look internally inconsistent ('greater than or equal to 5.0' -> max BFE, then 'equal to 5.0' -> max 7.0); reproduced as written. Municode Supp. 16.",VERIFIED,"Municode Version Jun 22, 2026; Sec. 12-268(D) min 5.0 ft NAVD88 for newly constructed walls, max = BFE except BFE 5.0 -> max 7.0 ft NAVD88, X zone max per 'grade', Commission waiver, 24-in future raise (D)(6), docks max 10 in above wall (D)(2) all match. The table inconsistency (>=5.0 vs =5.0 rows) is in the code itself and is reproduced faithfully; headline minimum is unambiguous."
oakland-park,seawall-height-requirement,5.0,ft NAVD88,"New or substantially rehabilitated seawalls, seawall caps, canal banks or berms in Oakland Park must reach at least 5.0 ft NAVD88. Applications filed before 1 Jan 2035 can be approved at 4.0 ft NAVD88 if the wall is designed to be raised to 5.0 ft by 2050. The city code sets no maximum seawall height.",Minimum :: 5.0 ft NAVD88 - Code Sec. 14-1(b) | Interim :: applications submitted before 1 Jan 2035 may be permitted at 4.0 ft NAVD88 if designed to accommodate 5.0 ft NAVD88 by 1 Jan 2050 - Sec. 14-1(b) | Substantial repair :: work on more than 50% of shoreline length or costing 50% or more of the structure's value - Sec. 14-1(a) | Whole shoreline :: substantial repair/rehab must cover the entire shoreline - Sec. 14-1(g) | Docks :: may be no higher than the adjacent seawall - Sec. 14-7,"Oakland Park Code of Ordinances Ch. 14, Art. I, Sec. 14-1 (Ord. No. O-2022-015)",https://library.municode.com/fl/oakland_park/codes/code_of_ordinances?nodeId=COOR_CH14SEDO_ARTIINGE_S14-1PRCOSE,2026-10,verified,Same as the Broward County standard. Municode Supp. 54 (updated 2026-09-23). No seawall maximum found. OrdBank search found no later amendment.,VERIFIED,"Municode Version Sep 23, 2026; Sec. 14-1(a),(b),(g) and 14-7 dock height match; Ord. O-2022-015."
sea-ranch-lakes,seawall-height-requirement,5.0,ft NAVD88,"New, substantially repaired or substantially rehabilitated seawalls in Sea Ranch Lakes must reach at least 5.0 ft NAVD88. Applications filed before 1 Jan 2035 can be approved at 4.0 ft NAVD88 if the wall is designed to be raised to 5.0 ft by 2050. The village code sets no maximum seawall height, but no wall may be built on top of a seawall.",Minimum :: 5.0 ft NAVD88 - LDC Sec. 6.01.06(C)(2)(a) | Interim :: Applications submitted before 1 Jan 2035 may be permitted at 4.0 ft NAVD88 if designed and constructed to accommodate 5.0 ft NAVD88 by 1 Jan 2050 - Sec. 6.01.06(C)(2)(a) | Whole shoreline :: substantial repair/rehab must cover the entire shoreline - Sec. 6.01.06(C)(2)(f) | No wall on seawall :: no wall shall be erected atop a seawall - Sec. 6.01.06(B),"Sea Ranch Lakes Code, Appendix A (Land Development Code) Sec. 6.01.06(C) (Ord. No. 2021-02)",https://library.municode.com/fl/sea_ranch_lakes/codes/code_of_ordinances?nodeId=APXALADECO_ARTVIACSTUS_6.01.00ACST_6.01.06WAFEHESE,2026-10,verified,Same as the Broward County standard. Municode Supp. 18. No seawall maximum found. OrdBank search found no later amendment.,VERIFIED,"Municode Version Jul 10, 2026; App. A Sec. 6.01.06(B) 'No wall shall be erected atop a seawall' and (C)(2)a,f match; Ord. 2021-02."
key-biscayne,seawall-height-requirement,,,"No fixed minimum seawall height is set in the Village Code. The code caps how high a bulkhead may be raised: no higher than the rear-yard fill limit, which is 2.5 ft below the Base Flood Elevation.",Maximum :: Bulkhead or lot may not be raised above the Rear Zone maximum (2.5 ft below Base Flood Elevation) - Key Biscayne Code Sec. 30-100(d)(1)c. | Waterfront fill :: Waterfront Zone (within 25 ft of water) may not be filled more than 6 inches above the bulkhead - Sec. 30-100(d)(1)c.,Key Biscayne Code of Ordinances Sec. 30-100(d)(1)c.,https://library.municode.com/fl/key_biscayne/codes/code_of_ordinances?nodeId=PTIICO_CH30ZOLADERE_ARTVSCDIUSSERE_S30-100SIFATMIDI,2026-10,not-found,"Minimum not found. Searched Municode Key Biscayne code (Supp. 51 Upd. 1) for seawall, bulkhead, NAVD; and OrdBank for seawall (0 hits). Only a relative maximum exists (30-100). Miami-Dade County Code Sec. 11C-2 defines the County Flood Criteria as the map recorded in Plat Book 120 Page 13 (finished grade, not a seawall cap number); a Municode search of the County Code for seawall + NAVD returned no seawall elevation figure. County seawall elevation guidance (CFC / Public Works Manual) is not a code section and was not used.",VERIFIED,"Re-ran Municode full-text search (seawall, bulkhead, NAVD): only floodplain 'other development', fertilizer, setback, dock and definition hits; no seawall top elevation. Not-found stands. Also read Sec. 30-100(d)(1)b-c (Version Apr 27, 2026): Waterfront Zone fill max 6 in above bulkhead; bulkhead/lot not raised above Rear Zone max (2.5 ft below BFE) - qualifier accurate (applies when a lot is filled for development, SF/two-family districts)."
aventura,seawall-height-requirement,,,,,,,2026-10,not-found,"Searched Aventura Code of Ordinances on Municode for seawall, seawall elevation, bulkhead, NAVD and OrdBank for seawall: only fertilizer-zone and floodplain (Sec. 30-147) mentions, no seawall elevation. Miami-Dade County Code Sec. 11C-2 defines the County Flood Criteria as the map recorded in Plat Book 120 Page 13 (finished grade, not a seawall cap number); a Municode search of the County Code for seawall + NAVD returned no seawall elevation figure. County seawall elevation guidance (CFC / Public Works Manual) is not a code section and was not used.",VERIFIED,"Re-ran Municode full-text search (seawall, bulkhead, NAVD): only floodplain 'other development', fertilizer, setback, dock and definition hits; no seawall top elevation. Not-found stands."
sunny-isles-beach,seawall-height-requirement,,,,,,,2026-10,not-found,"Searched Sunny Isles Beach Code of Ordinances on Municode for seawall, ""sea wall"", bulkhead, NAVD, ""tidal flood"" and OrdBank for seawall: no seawall elevation provision (only floodplain Sec. 161-17, zoning setbacks, fee schedule). Miami-Dade County Code Sec. 11C-2 defines the County Flood Criteria as the map recorded in Plat Book 120 Page 13 (finished grade, not a seawall cap number); a Municode search of the County Code for seawall + NAVD returned no seawall elevation figure. County seawall elevation guidance (CFC / Public Works Manual) is not a code section and was not used.",VERIFIED,"Re-ran Municode full-text search (seawall, bulkhead, NAVD): only floodplain 'other development', fertilizer, setback, dock and definition hits; no seawall top elevation. Not-found stands."
bay-harbor-islands,seawall-height-requirement,5.50,ft MSL (mean sea level); optional up to 6.0 ft MSL on listed bay-facing lots,"The top of any seawall cap must be at 5.50 ft above mean sea level. Certain lots facing Biscayne Bay wave action may choose to go up to 6.0 ft above MSL. The code uses MSL, not NAVD88 or NGVD29.","Required height :: Elevation at top of any seawall cap shall be 5.50 ft above MSL - Bay Harbor Islands Code Sec. 23-12(10)(c) | Optional higher cap :: Lots 11-29 Blk 2; Lots 1-4 Blk 3; Lots 1-5 Blk 4; Lots 29-95 Blk 23; Tracts C-F (PB 46 Pg 5) may elect 6.0 ft above MSL - Sec. 23-12(10)(c) | Approval :: No seawall may be erected, constructed or repaired without written Town approval - Sec. 23-12(10) | Design :: Designed and certified by a registered engineer, built by licensed contractor - Sec. 23-12(10)(d)",Bay Harbor Islands Code of Ordinances Sec. 23-12(10)(c),https://library.municode.com/fl/bay_harbor_islands/codes/code_of_ordinances?nodeId=PTIICOOR_CH23ZOPL_ARTIZORE_S23-12GEPR,2026-10,verified,"Datum written as ""mean sea level (MSL)"" - do not convert. Wording is ""shall be"" (a set value, not stated as minimum). Code codified through Ord. 1131 (Aug 13, 2025); OrdBank shows later ordinances - confirm none amend 23-12(10)(c).",VERIFIED,"Municode Version Aug 17, 2026; Sec. 23-12(10)(c) reads exactly 'shall be 5.50 feet above mean sea level (MSL)', optional 6.0 ft MSL on listed lots (Lots 11-29 Blk 2; 1-4 Blk 3; 1-5 Blk 4; 29-95 Blk 23; Tracts C-F, PB 46 Pg 5); (10) approval and (d) engineer match. OrdBank 2025-2026 reviewed: Ords. 1132-1143 do not touch 23-12; Ord. 1115 (amends 23-12) already in the section history. MSL datum kept as written."
bal-harbour,seawall-height-requirement,,,,,,,2026-10,not-found,"Searched Bal Harbour Code of Ordinances on Municode for seawall, seawall elevation, bulkhead, NAVD and OrdBank for seawall: setbacks, pool construction in Bulkhead Setback Areas (Sec. 21-353), docks (Sec. 21-359: docks not higher than 3.5 ft above mean high tide) - no seawall/bulkhead top elevation. Miami-Dade County Code Sec. 11C-2 defines the County Flood Criteria as the map recorded in Plat Book 120 Page 13 (finished grade, not a seawall cap number); a Municode search of the County Code for seawall + NAVD returned no seawall elevation figure. County seawall elevation guidance (CFC / Public Works Manual) is not a code section and was not used.",VERIFIED,"Re-ran Municode full-text search (seawall, bulkhead, NAVD): only floodplain 'other development', fertilizer, setback, dock and definition hits; no seawall top elevation. Not-found stands."
north-bay-village,seawall-height-requirement,5.94,ft NAVD88 (7.50 ft NGVD29); design to allow future raise to 8.44 ft NAVD88,"ULDC Sec. 8.16(B) requires shoreline properties being developed, redeveloped or substantially improved to meet the Village Seawall Design Criteria memo, adopted into the code as Appendix A. That memo sets a minimum seawall elevation of 5.94 ft NAVD88. Walls must also be designed so the cap can be raised 2.5 ft later, to 8.44 ft NAVD88.","Trigger :: Development, redevelopment or substantial improvement of shoreline property, including new or expanded docks, piers, boat lifts - ULDC Sec. 8.16(B) | Standard :: Seawall Design Criteria Project Memorandum (Moffatt & Nichol, Oct 19, 2020), incorporated as Appendix A - Sec. 8.16(B) | Minimum :: Suggested minimum seawall elevation 5.94 ft NAVD (7.50 ft NGVD) - Appendix A memo (attached to Ord. No. 2021-006) | Adaptability :: Design must allow raising the cap an additional 2.5 ft to 8.44 ft NAVD (10.0 ft NGVD) without redesign - Appendix A memo","North Bay Village ULDC Sec. 8.16(B) and Appendix A (Seawall Design Criteria memo, Ord. No. 2021-006)",https://library.municode.com/fl/north_bay_village/codes/unified_land_development_code?nodeId=CH8ZO_DIV3SUUSRE_S8.16SUUSRE,2026-10,verified,"Number is not in the code text itself; it comes from the incorporated memo, read via Municode OrdBank OCR of Ord. No. 2021-006 (https://library.municode.com/fl/north_bay_village/ordinances/unified_land_development_code?nodeId=1086884). Memo wording is ""suggested minimum"" / ""recommended"". OCR text shows typo ""NAVO"". Verify against the scanned PDF page before publishing.",VERIFIED,"ULDC Version Jun 15, 2026; Sec. 8.16(B) incorporates the Oct 19, 2020 Moffatt & Nichol memo as Appendix A (now also triggered by new/expanded docks, piers, lifts). Read Ord. 2021-006 PDF via its text layer (not just OCR): memo pp.viii and 10 state minimum cap 5.94 ft NAVD (7.50 ft NGVD) and future raise of 2.5 ft to 8.44 ft NAVD (10.0 ft NGVD) - exact match. Notes: Appendix A is not published in the online ULDC ('as may be updated from time to time'); 8.16 history note lists Ord. 2021-007 (same 3-9-21 date) rather than 2021-006."
golden-beach,seawall-height-requirement,4.425,"ft NAVD88 (single required value: ""constructed at an elevation of""; not labelled minimum or maximum)","All new and replacement seawalls must be built to 4.425 ft NAVD88. Existing legal nonconforming seawalls must be brought up when the home is substantially improved or demolished, the wall is materially altered, or the property is sold.","Required height :: All new and replacement seawalls shall be constructed at an elevation of 4.425 ft NAVD-88 - Golden Beach Code Sec. 46-85(a) | Docks :: Min 3.425 ft, max 4.425 ft NAVD-88; finish material max 3 in. thick - Sec. 46-85(a) | Nonconforming walls :: Must comply on >50% improvement, demolition of primary structure, or material alteration - Sec. 46-86(b) | Sale :: Pre-sale engineer report must state cap height in NAVD-88; deficiencies, including raising the cap if not per NAVD-88 requirements, must be corrected and a building permit application submitted within 180 days after closing - Sec. 46-86(b)(5) | Surveys :: Permit and as-built surveys show cap elevations in NAVD-88 at 20-ft intervals - Sec. 46-79",Golden Beach Code of Ordinances Sec. 46-85(a),https://library.municode.com/fl/golden_beach/codes/code_of_ordinances?nodeId=SPAGEOR_CH46WA_ARTIVSEDO_S46-85HESEDOEXDEDO,2026-10,verified,"Code is Supplement 41 on Municode. Wording ""at an elevation of"" is a single required value, not labelled minimum or maximum.",FIX,"Municode Version Jun 15, 2026; Sec. 46-85(a) 'shall be constructed at an elevation of 4.425 feet above NAVD-88' and dock 3.425-4.425 confirmed; 46-79 and 46-86 confirmed. Fixed: unit text no longer asserts 'both min and max' (code states a single value), and Sale row now says what 46-86(b)(5)b requires (correct deficiencies and file a permit application within 180 days), not 'fixed within 180 days'."
palmetto-bay,seawall-height-requirement,,,,,,,2026-10,not-found,"Searched Palmetto Bay Code of Ordinances on Municode for seawall, bulkhead, NAVD and OrdBank for seawall: only floodplain (Sec. 30-100.6) and VMU district mentions, no seawall elevation. Miami-Dade County Code Sec. 11C-2 defines the County Flood Criteria as the map recorded in Plat Book 120 Page 13 (finished grade, not a seawall cap number); a Municode search of the County Code for seawall + NAVD returned no seawall elevation figure. County seawall elevation guidance (CFC / Public Works Manual) is not a code section and was not used.",VERIFIED,"Re-ran Municode full-text search (seawall, bulkhead, NAVD): only floodplain 'other development', fertilizer, setback, dock and definition hits; no seawall top elevation. Not-found stands."
cutler-bay,seawall-height-requirement,,,,,,,2026-10,not-found,"Searched Cutler Bay Code of Ordinances on Municode for seawall, bulkhead, NAVD and OrdBank for seawall: only fertilizer zones and floodplain (Sec. 18-146), no seawall elevation. Miami-Dade County Code Sec. 11C-2 defines the County Flood Criteria as the map recorded in Plat Book 120 Page 13 (finished grade, not a seawall cap number); a Municode search of the County Code for seawall + NAVD returned no seawall elevation figure. County seawall elevation guidance (CFC / Public Works Manual) is not a code section and was not used.",VERIFIED,"Re-ran Municode full-text search (seawall, bulkhead, NAVD): only floodplain 'other development', fertilizer, setback, dock and definition hits; no seawall top elevation. Not-found stands."
miami-shores,seawall-height-requirement,4.0,ft NAVD88 (5.5 ft NGVD29); recommended foundation for future 5.0 ft NAVD88,The minimum seawall elevation is 4 ft NAVD88 (5.5 ft NGVD29). Owners are strongly encouraged to design the foundation so the wall can later be raised to at least 5 ft NAVD88. Substantial repair (50% or more of the wall value within one year) triggers the minimum for the full property length.,Minimum :: Minimum seawall elevation shall meet 4 ft NAVD88 or 5.5 ft NGVD29 - Miami Shores Code App. A (Zoning) Sec. 560(d) | Future-ready :: Strongly encouraged foundation for future extension to min 5 ft NAVD88 or 6.5 ft NGVD29 - Sec. 560(d) | Substantial repair :: Repairs at 50%+ of wall value in a one-year period must meet the minimum for the continuous wall along the property - Sec. 560(e) | Impermeable :: Walls must be substantially impermeable to tidal water - Sec. 560(c) | Maintenance :: Seawalls must be kept in good repair - Sec. 560(f),"Miami Shores Village Code of Ordinances, Appendix A Zoning, Sec. 560(d)",https://library.municode.com/fl/miami_shores_village/codes/code_of_ordinances?nodeId=PTIICOOR_APXAZO_ARTVSURE_DIV23SERE_S560SERE,2026-10,verified,Adopted by Ord. No. 2018-04. Code text gives both datums (4 ft NAVD88 / 5.5 NGVD29).,VERIFIED,"Municode Version Sep 8, 2025; App. A Sec. 560(c)-(f) match exactly (4 ft NAVD88 / 5.5 NGVD29; encouraged 5 ft NAVD88 / 6.5 NGVD29; 50% in one year). OrdBank 2025-2026 reviewed: no ordinance amends Sec. 560 (2025-09 amends Ch. 6 Sec. 6-9 building elevation)."
jupiter,seawall-height-requirement,none,,"Jupiter sets no minimum seawall height. It caps new bulkheads at the property's FEMA base flood elevation, and a bulkhead more than 3 ft above mean high water must be fully faced with riprap or mangroves.","Minimum :: None set in Sec. 27-2624 (Shoreline stabilization) | Maximum :: Top of new bulkhead must be at or below the property's required base flood elevation on current FEMA maps - Sec. 27-2624(8) | Exemptions to max :: Properties east of the Coastal Construction Control Line; Riverwalk properties where ADA slope cannot be met - Sec. 27-2624(8)a-b | Riprap trigger :: Top more than 3 ft above mean high water line requires 100% riprap/mangrove facing - Sec. 27-2624(1)c, (2)d | Location :: Replacement within 18 in. waterward of existing permitted bulkhead (one-time waterward move since 6/16/2015) - Sec. 27-2624(1)-(2)","Town of Jupiter Code of Ordinances, Ch. 27 Zoning, Art. XI Div. 25 Marine Facilities, Sec. 27-2624 (Supp. 24, online 10/2/2026)",https://library.municode.com/fl/jupiter/codes/code_of_ordinances?nodeId=SPBLADERE_CH27ZO_ARTXISUDIRE_DIV25MAFA_S27-2624SHST,2026-10,verified,"No minimum found. Also read Sec. 25-268 (seawalls along access waterways: permit + water-side face on property line; no elevation). Full-text Municode search for seawall/bulkhead returned no other elevation rule. Code text gives no datum; it ties the max to BFE. (The Town building-dept seawall checklist asks for cap elevation in NAVD, but that checklist is not code.)",VERIFIED,"Municode Version Oct 2, 2026; Sec. 27-2624(1)c, (2)d riprap trigger >3 ft above MHW, (1)-(2) 18-in replacement rule, and (8) max = BFE with CCCL/Riverwalk exemptions all match; no minimum in section."
west-palm-beach,seawall-height-requirement,none,,"West Palm Beach's zoning code sets no minimum or maximum seawall height. Its shoreline rules cover where walls go and require riprap or vegetation with replacement bulkheads, not elevation.",Minimum :: None set - Ch. 94 Sec. 94-378(b) Shoreline stabilization covers hardening only | Replacement bulkheads :: Must consist of or include sloping rip-rap or permeable materials combined with vegetation - Sec. 94-378(b)(4) | Docks vs. seawall :: No portion of a dock may extend above the top of the bulkhead it is attached to - Sec. 94-313 | Setback :: 15 ft from seawall on tidal waterfront lots - Sec. 94-305,"City of West Palm Beach Code, Ch. 94 Zoning and Land Development Regulations (enCodePlus), Secs. 94-378, 94-313, 94-305",https://online.encodeplus.com/regs/westpalmbeach-fl/doc-viewer.aspx?secid=201,2026-10,verified,Chapters 18 and 94 are maintained on enCodePlus (not Municode). Full text of Ch. 94 and Ch. 18 scanned for seawall/bulkhead/NAVD/NGVD: no seawall elevation rule. Municode full-text search of remaining chapters found no elevation rule.,VERIFIED,enCodePlus Ch. 94 full text scanned: no seawall/bulkhead elevation; Sec. 94-378(b)(4) replacement bulkheads must include sloping riprap/permeable materials with vegetation; 94-313 dock may not extend above top of bulkhead; 94-305 15-ft setback where seawalls exist - all confirmed.
north-palm-beach,seawall-height-requirement,4,ft NAVD88,"New and substantially rebuilt seawalls in North Palm Beach need a cap at least 4 ft NAVD88, or 5 ft NAVD88 on the Intracoastal, Lake Worth or the ocean in a FEMA flood zone. Repairs under 50% of replacement cost are exempt.","Zone X / X500 :: Min 4 ft NAVD88; max 6 in. above grade or 4.5 ft NAVD88, whichever is greater - Sec. 5-72(3) | FEMA SFHA/CHHA with BFE :: Min 4 ft NAVD88; max 6 in. above grade or 5 ft NAVD88, whichever is greater - Sec. 5-72(3) | SFHA/CHHA on Intracoastal, Lake Worth or Atlantic :: Min 5 ft NAVD88; max 6 in. above grade or 6 ft NAVD88, or up to BFE with approved mitigation - Sec. 5-72(3) | Applies to :: New walls and repairs costing 50% or more of replacement cost - Sec. 5-72 | Returns :: Cap above neighbor grade needs a matching wall return - Sec. 5-72(4)","Village of North Palm Beach Code, Ch. 5 Boats, Docks and Waterways, Art. III Div. 3, Sec. 5-72 (Ord. 2019-07; Ord. 2026-02, 1-22-26)",https://library.municode.com/fl/north_palm_beach/codes/code_of_ordinances?nodeId=PTIICOOR_CH5BODOWA_ARTIIICORE_DIV3BUSE_S5-72MIDERESE,2026-10,verified,Headline 4 is the lowest minimum; 5 ft NAVD88 applies on the Intracoastal/Lake Worth/Atlantic in SFHA/CHHA. Amended 1-22-26.,VERIFIED,"Municode Version May 11, 2026; Sec. 5-72 table (Zone X min 4 / max 4'6"" or 6 in above grade; SFHA min 4 / max 5; SFHA on ICW/Lake Worth/Atlantic min 5 / max 6 or BFE with mitigation), <50% repair exemption, (4) returns; Ord. 2026-02 (1-22-26) in history."
palm-beach,seawall-height-requirement,none,,Palm Beach sets no fixed height for seawalls on Lake Worth; the town engineer approves the top based on engineering. Oceanfront bulkheads on the Atlantic bulkhead line must top out at no less than 14.34 ft NGVD 1929.,"Lake Worth bulkheads :: Top governed by sound engineering recommendations, approved by town engineer; datum NGVD 1929 - Sec. 62-75(d) | Atlantic Ocean bulkheads/seawalls :: Top not lower than 14.34 ft above mean sea level, NGVD 1929 - Sec. 62-38(b)(3) | Oceanfront raise trigger :: Existing seawall below 14.34 ft NGVD must be raised to min 14.34 ft NGVD with any development of the property - Sec. 66-177 | Maintenance :: PE certification, recertify every 15 years - Sec. 62-77","Town of Palm Beach Code, Ch. 62 Marine Structures (Art. II Atlantic Ocean, Art. III Lake Worth), Secs. 62-38, 62-75; Ch. 66 Sec. 66-177",https://library.municode.com/fl/palm_beach/codes/code_of_ordinances?nodeId=PTIICOOR_CH62MAST,2026-10,verified,"Split answer: 'none' is for Lake Worth (most residential seawalls). Ocean side has a 14.34 ft NGVD29 minimum (Secs. 62-38, 66-177). Datum is NGVD29, not NAVD88 - do not convert. Editor should decide whether headline should show the ocean figure.",VERIFIED,"Municode Version May 27, 2026; Sec. 62-75(d),(m) Lake Worth top 'governed by sound engineering recommendations', NGVD 1929; Sec. 62-38(b)(3) Atlantic top not lower than 14.34 ft MSL NGVD 1929; Sec. 66-177(c) raise to 14.34 NGVD with any development; 62-77 15-yr recertification - all confirmed. Note 66-177(c) says 'In all zoning districts' but sits in the sand-dune article (ocean context). Headline 'none' is accurate for Lake Worth only - editorial choice."
palm-beach-gardens,seawall-height-requirement,none,,Palm Beach Gardens' code has no seawall section and sets no seawall height. Seawalls appear only in the floodplain rules and the fertilizer setback.,"Minimum :: None found in Code of Ordinances or LDR (Ch. 78) | Floodplain :: Lists bulkheads/seawalls as 'other development' in coastal high hazard areas, no elevation - Ch. 86 Art. III (Sec. 86-137) | Fertilizer :: Measured from top of seawall - Sec. 34-39","City of Palm Beach Gardens Code of Ordinances (Municode), Ch. 86 Art. III Floodplain Management; Ch. 78 Land Development",https://library.municode.com/fl/palm_beach_gardens/codes/code_of_ordinances?nodeId=SPBLADERE_CH86BUBURE_ARTIIIFLMA_CH3FLREDE_S86-137OTDECOHIHAARZOV,2026-10,verified,"No code chapter specifically governs seawalls. Municode full-text search (seawall, bulkhead, sea wall, tidal flood barrier, seawall elevation/NAVD/NGVD) returned no elevation rule. Confirm with City Engineering before publishing 'none'.",VERIFIED,"Municode full-text search (seawall, seawall/bulkhead elevation, NAVD, tidal flood barrier, top of seawall): only Sec. 86-137 floodplain list and fertilizer setback; no seawall height rule anywhere in code incl. Ch. 78 LDR."
boynton-beach,seawall-height-requirement,none,,"Boynton Beach's development code requires a permit for seawalls and keeps the water-side face on the property line, but sets no seawall height.","Minimum :: None set - LDR Ch. 3 Art. V Sec. 3.O | Placement :: Water-side face may not encroach over the property line; no wall east of the 1956 Lake Worth bulkhead line - Sec. 3.O | Related :: Lake Worth landfill must be at least 6 ft above mean sea level (fill, not seawall) - Sec. 3.O | Projection :: Seawalls/docks may not extend more than 1/4 of waterway width - Sec. 3.O","City of Boynton Beach Land Development Regulations, Ch. 3 Zoning, Art. V Supplemental Regulations, Sec. 3.O Seawalls, Bulkheads, Docks, and Piers (Gridics CodeHub)",https://codehub.gridics.com/us/fl/boynton-beach#/b52a8681-8ec5-4491-a61e-6975897761fa,2026-10,verified,"LDR hosted on Gridics CodeHub (linked from Municode). Full LDR text scanned for seawall/bulkhead: no elevation. The 6 ft MSL figure applies to fill, not seawall tops; datum is 'mean sea level per U.S. Government Geodetic Survey'.",VERIFIED,"Gridics CodeHub LDR full text scanned: Ch. 3 Art. V item O (permit, water-side face not over property line, 1956 bulkhead line, fill min 6 ft above MSL, 1/4 waterway width) confirmed; no seawall elevation anywhere in LDR; Municode code also has none."
highland-beach,seawall-height-requirement,BFE,FEMA base flood elevation,Highland Beach requires seawalls west of A1A to be at the FEMA base flood elevation or higher. There is no fixed number; it depends on the property's flood map.,"West of A1A :: At base flood elevation (BFE) or higher per FEMA FIRM - Sec. 6-128(b) | Cap + dock width :: Combined max 8 ft - Sec. 6-128(b), 30-68(g)(6)b | Oceanfront ridge :: Seawall elevation not less than 16 ft (finished elevation 16 ft 'above mean sea level', no datum year) - Sec. 6-127(d)(1), (d)(4)a; subsection (d) prevails over other chapters per 6-127(d)(12) | Approval :: Planning board special exception - Secs. 6-127(a), 6-128(a)","Town of Highland Beach Code, Ch. 6 Art. V Seawalls; Bulkheads; Retaining Walls, Secs. 6-127, 6-128 (Ord. 2025-002)",https://library.municode.com/fl/highland_beach/codes/code_of_ordinances?nodeId=PTIICOOR_CH6BUST_ARTVSEBUREWA_S6-128APREBUSEREWARENOABPROW,2026-10,verified,Headline is not a number: min = BFE (property-specific). Sec. 30-83(d)(3)b separately says oceanfront seawall finish elevation 'consistent with applicable state requirements' - may conflict with 6-127(d)(1) 16 ft; flag for review.,FIX,"Municode Version Apr 10, 2026; Sec. 6-128(b) 'at base flood elevation (BFE) or higher' west of A1A and 8-ft cap+dock width confirmed (Ord. 2025-002). Fixed oceanfront row cite: the 16-ft seawall figure is in 6-127(d)(1) and (d)(4)a ('finished elevation of sixteen (16) feet above mean sea level'); 6-127(d)(12) says subsection (d) prevails over conflicting chapters, which resolves the Sec. 30-83 'consistent with applicable state requirements' wording."
ocean-ridge,seawall-height-requirement,5,ft NAVD88,"New, substantially repaired or substantially rehabilitated seawalls in Ocean Ridge must have a top (including cap) of at least 5 ft NAVD88. Atlantic Ocean frontage is excluded.","Minimum :: Top elevation incl. cap min 5 ft NAVD88 - Sec. 64-82(a)(1) | Trigger :: New wall, work on more than 50% of shoreline length, or over 50% of replacement cost - Sec. 64-82(c)(5) | Also triggered :: Substantial damage/improvement of the principal structure - Sec. 64-82(b) | Excluded :: Properties adjacent to the Atlantic Ocean - Sec. 64-82(f) | Maximum :: None set","Town of Ocean Ridge Code, Ch. 64 Zoning, Art. IV, Sec. 64-82 (Ord. 2025-03, 6-2-2025)",https://library.municode.com/fl/ocean_ridge/codes/code_of_ordinances?nodeId=SPBLADECO_CH64ZO_ARTIVMADOBU_S64-82MIDERESESEMA,2026-10,verified,,VERIFIED,"Municode Version Jun 5, 2026; Sec. 64-82(a)(1) min 5 ft NAVD88 incl. cap, (b) substantial damage/improvement trigger, (c)(1),(5) definitions, (f) Atlantic exclusion; Ord. 2025-03 (6-2-2025). No maximum in section."
gulf-stream,seawall-height-requirement,none,,Gulf Stream sets no minimum seawall height. It caps new or replacement seawalls on Intracoastal-connected water at 8 ft NGVD (or the NAVD equivalent).,Minimum :: None set | Maximum :: No greater than 8 ft NGVD or its equivalent in NAVD - Sec. 70-78 | Seawall required :: Owners on tidal/brackish water must bulkhead their frontage (not ocean) - Sec. 52-26 | Plans :: Town commission approval - Sec. 52-27,"Town of Gulf Stream Code, Ch. 70 Art. IV Sec. 70-78 Seawall height; Ch. 52 Art. II Seawalls, Bulkheads, Etc. (Ord. 22-9, 10-28-22)",https://library.municode.com/fl/gulf_stream/codes/code_of_ordinances?nodeId=PTIICOOR_CH70GUSTDEMA_ARTIVSIDERE_S70-78SEHE,2026-10,verified,Datum written as 'NGVD or its equivalent in NAVD' - keep NGVD as primary; do not convert.,FIX,"Municode Version Sep 15, 2025; Sec. 70-78 'no greater than eight feet NGVD or its equivalent in NAVD' (max only) and Sec. 52-26 bulkhead requirement confirmed; OrdBank 2025-2026 has no seawall ordinance. Fixed: unit 'ft NGVD' removed because headline is 'none' (the 8 ft NGVD is a maximum, kept in detail_rows/qualifier)."
manalapan,seawall-height-requirement,none,,Manalapan requires a permit and fixed wall lines for seawalls but sets no seawall height.,"Minimum :: None set - Ch. 155 Coastal Structures, Secs. 155.60-155.64 | Location :: Ocean seawalls on the adopted sea wall line - Secs. 155.45-155.49; Lake Worth bulkhead/fill line - Secs. 155.30-155.33 | Maintenance :: Seawalls must be kept impervious to sand, built to applicable codes - Sec. 155.64","Town of Manalapan Code, Title XV Ch. 155 Beaches and Waterways (Municode)",https://library.municode.com/fl/manalapan/codes/code_of_ordinances?nodeId=TITXVLAUS_CH155BEWA_COASTAL_STRUCTURES_S155.64MARECOSTEN,2026-10,verified,"Only elevation in Ch. 155 is an 8.5 ft above mean sea level beach sand contour (Sec. 155.01), not a seawall height.",VERIFIED,"Municode Version Oct 1, 2025; Secs. 155.60-155.64 read in full: permit, application, maintenance/impervious to sand; no elevation. Full-text search hits elsewhere are pool/fence setbacks from seawall."
tequesta,seawall-height-requirement,4,ft NAVD88,New and substantially rebuilt seawalls in Tequesta need a cap of at least 4 ft NAVD88. Repairs under 50% of replacement cost are exempt.,"Zone X / X500 :: Min 4 ft NAVD88; max 6 in. above grade or 4.5 ft NAVD88, whichever is greater - Sec. 76-33(3) | FEMA SFHA/CHHA with BFE :: Min 4 ft NAVD88; max 6 in. above grade or 5 ft NAVD88, whichever is greater - Sec. 76-33(3) | Applies to :: New walls and repairs of 50% or more of replacement cost - Sec. 76-33 | Returns/drainage :: Cap above neighbor grade needs wall return and drainage plan - Sec. 76-33(4) | Riprap/mangroves :: 100% facing on new/replaced walls - Sec. 76-34","Village of Tequesta Code, Ch. 76 Waterway Control, Art. IV, Sec. 76-33 (Ord. 8-24, 11-14-2024)",https://library.municode.com/fl/tequesta/codes/code_of_ordinances?nodeId=PTIICOOR_CH76WACO_ARTIVBUSE_S76-33MIDERESE,2026-10,verified,,VERIFIED,"Municode Version Aug 18, 2026; Sec. 76-33 table (Zone X min 4 / max 4'6"" or 6 in above grade; SFHA min 4 / max 5), <50% exemption, (4) returns + drainage plan; 76-34 100% riprap/mangroves (dock portions and exemption-map lots excepted); Ord. 8-24."
juno-beach,seawall-height-requirement,none,,Juno Beach's code has no seawall section and sets no seawall height. Seawalls appear only in the floodplain rules and the fertilizer setback.,"Minimum :: None found | Floodplain :: Bulkheads/seawalls listed as other development, no elevation - Sec. 7-27 | Fertilizer :: Measured from top of seawall - Sec. 12-155","Town of Juno Beach Code of Ordinances (Municode), Ch. 7 Flood Regulations, Sec. 7-27",https://library.municode.com/fl/juno_beach/codes/code_of_ordinances?nodeId=PTIICOOR_CH7FLRE_ARTIIIFLREDE_S7-27OTDE,2026-10,verified,"No chapter specifically governs seawalls. Municode full-text search (seawall, bulkhead, sea wall, tidal flood barrier, elevation terms) found no elevation rule. Confirm with Town before publishing.",VERIFIED,"Municode full-text search (seawall, seawall/bulkhead elevation, NAVD, tidal flood barrier): only Sec. 7-27 floodplain list and fertilizer setback; no seawall height rule."
riviera-beach,seawall-height-requirement,none,,"Riviera Beach sets no seawall height. Dock permits must show the existing top-of-seawall elevation, but no minimum is required.","Minimum :: None set | Dock plans :: Must show top of seawall elevation (information only) - Sec. 31-557 | Bulkhead lines :: Lake Worth bulkhead lines and fill limits - Ch. 22 Art. III, Secs. 22-61 to 22-67 | Floodplain :: Seawalls listed as other development, no elevation - Sec. 25-37","City of Riviera Beach Code, Ch. 22 Art. III Bulkhead Lines on Lake Worth; Ch. 31 Sec. 31-557 Residential docks",https://library.municode.com/fl/riviera_beach/codes/code_of_ordinances?nodeId=PTIICOOR_CH22BUBURE_ARTIIIBULILAWO,2026-10,verified,Ch. 22 Art. III and Sec. 31-557 text scanned for elevation/NAVD/NGVD: none.,VERIFIED,Municode full-text search: Sec. 31-557 requires dock plans to show 'top of seawall elevation' (information only); Ch. 22 Art. III bulkhead lines and Sec. 25-37 floodplain list have no elevation.
lantana,seawall-height-requirement,none,,Lantana sets no seawall height. Its waterway rules only fix the bulkhead line on Lake Worth.,"Minimum :: None set | Bulkhead line :: Adopted by map; no building beyond it - Ch. 5 Art. IV, Secs. 5-51 to 5-53 | Setback :: 20 ft from high-water line or existing seawall - Sec. 23-81 | Floodplain :: Seawalls listed as other development, no elevation - Sec. 6-101","Town of Lantana Code, Ch. 5 Beaches, Boats, Waterways, Art. IV (Secs. 5-51 to 5-53)",https://library.municode.com/fl/lantana/codes/code_of_ordinances?nodeId=PTIICOOR_CH5BEBOWA_ARTIVWA_S5-51BULIMAAD,2026-10,verified,Municode full-text search for seawall/bulkhead plus elevation terms found no seawall elevation rule.,VERIFIED,"Municode full-text search (seawall, bulkhead, NAVD, elevation terms): Sec. 23-81 setback, 6-101 floodplain list, park rules only; no seawall height rule."
south-palm-beach,seawall-height-requirement,none,,South Palm Beach sets no fixed seawall height. A new seawall or bulkhead cap must match the caps on neighboring properties as far as possible.,Minimum :: None set | Cap elevation :: Shall conform to adjacent seawall/bulkhead caps insofar as possible - Sec. 26-835(d) | Permit :: Engineer-sealed plans required - Sec. 26-835(c),"Town of South Palm Beach Code, Ch. 26 Art. IX Marine Structures, Div. 3 Bulkheads and Seawalls, Sec. 26-835",https://library.municode.com/fl/south_palm_beach/codes/code_of_ordinances?nodeId=PTIICOOR_CH26LADE_ARTIXMAST_DIV3BUSE_S26-835CO,2026-10,verified,,VERIFIED,Municode search fragment of Sec. 26-835 confirms cap 'shall conform to the elevation of the bulkhead or seawall caps in existence on adjacent property insofar' as possible; no fixed elevation elsewhere (Sec. 10-6 only declares NAVD88 as town datum).
lake-worth-beach,seawall-height-requirement,none,,Lake Worth Beach sets no seawall height. Its waterways chapter only fixes the bulkhead line and fill limits.,"Minimum :: None set | Bulkhead line :: Lake Worth bulkhead line, landfill and dredging limits - Ch. 22 Sec. 22-1 | Fences :: No solid opaque fencing within 15 ft of bulkhead - Sec. 23.4-4 | Floodplain :: Seawalls listed as other development, no elevation - Sec. 23.7-17","City of Lake Worth Beach Code, Ch. 22 Waterways, Sec. 22-1",https://library.municode.com/fl/lake_worth_beach/codes/code_of_ordinances?nodeId=PTIICOOR_CH22WA_S22-1BULIESDELADRRERE,2026-10,verified,Ch. 22 text scanned for elevation/NAVD/NGVD: none.,VERIFIED,"Municode full-text search: Ch. 22 bulkhead line, 23.4-4 fences, 23.7-17 floodplain list, 23.3-22 beach setbacks only; no seawall height rule."
key-west,seawall-height-requirement,none,n/a,"Key West's Code of Ordinances sets no minimum or maximum seawall top elevation in any datum. The city's land development rules discourage vertical seawalls altogether: shoreline hardening is allowed only when erosion is a critical peril and vegetation has failed, and riprap comes first. Any wall height is set by your engineer and your permits.","No fixed elevation :: Key West Code Sec. 110-182 (Shoreline vegetation and stability) controls shoreline hardening and states no seawall top elevation in NAVD88, NGVD29 or any other datum. | When hardening is allowed :: Riprap, bulkheads or similar devices are not allowed unless erosion constitutes a critical peril to upland property and vegetation has failed to stabilize the shoreline. Riprap shall be the first alternative. Sec. 110-182(c). | Vertical walls discouraged :: Such shoreline hardening structures shall generally not be vertical seawalls or bulkheads, and pervious interlocking systems, filter mats and similar methods are to be used instead of vertical walls whenever feasible. Sec. 110-182(c) and (c)(2). | Location :: The structure may not sit waterward of the mean high water line unless shown to be in the public interest, and must first be approved by the other public agencies with jurisdiction. Sec. 110-182(c)(3) and (c)(4). | Revegetation :: The design must include a program of shoreline vegetation or revegetation. Sec. 110-182(c)(5). | Permit :: Bulkheads, piers and docks along the shoreline are installed under permit from the building official. Sec. 118-361. | Flood zones :: The floodplain chapter lists bulkheads and seawalls among other development regulated in flood hazard areas. Sec. 34-139.","City of Key West Code of Ordinances, Subpart B Land Development Regulations, Sec. 110-182 (Shoreline vegetation and stability); also Sec. 118-361 and Sec. 34-139; online version Aug 21, 2026",https://library.municode.com/fl/key_west/codes/code_of_ordinances?nodeId=SPBLADERE_CH110REPR_ARTIVCORE_S110-182SHVEST,2026-10,verified,"Searched Municode full text of the Key West Code of Ordinances and Comprehensive Plan: 'seawall' (8 hits), 'seawalls' (8), 'bulkhead' (10), 'shoreline hardening' (3); 'seawall' in the ordinances tab returned 0. Read Sec. 110-182 in full. Sec. 118-361 and Sec. 34-139 wording taken from the Municode search snippets only, not read in full; confirm before publishing. No hit sets an elevation.",VERIFIED,"Municode Version Aug 21, 2026; Sec. 110-182 read in full - (c) and (c)(1)-(5) match detail rows; no elevation. Full text of 118-361 ('Bulkheads, piers and docks ... under permit issued by the building official'; not below MHW unless permitted) and 34-139 list confirmed via search fragments; Municode search for seawall/bulkhead shows no elevation rule."
marathon,seawall-height-requirement,none,n/a,"Marathon's Land Development Regulations set no minimum or maximum seawall top elevation in any datum. The city fixes a two-foot cap width and a six-inch retention swale, berm or curb behind the wall, but the height comes from your engineer's design and your permits.","No fixed elevation :: Marathon LDR Sec. 106.36(H), Hardened Shorelines, sets the rules for bulkheads and seawalls and states no top elevation in NAVD88, NGVD29 or any other datum. | When a wall is allowed :: Only on residential canals and altered shorelines, and only where riprap or sloping rock revetments with biotechnical erosion control will not suffice, as determined by the City Biologist. Sec. 106.36(H). | Replacement or severe erosion :: Allowed when replacing an existing deteriorated bulkhead or seawall, or to stabilize a severely eroded shoreline where riprap is shown not to be sufficient. Sec. 106.36(H)(1). | Cap width :: Seawalls may have a cap of two feet in width. Sec. 106.36(H)(1). | Retention behind the wall :: The design must include a minimum six-inch retention swale, berm or curb directly landward of the wall. Sec. 106.36(H)(5). | Wall line :: The bulkhead line is set at the property's average mean high water line when the permit is requested, and reclaiming eroded land by bulkheading and backfilling is prohibited. Sec. 106.36(H)(6). | No open water :: No new vertical seawalls or bulkheads on open water shorelines, and none on or waterward of a sea turtle nesting beach. Sec. 106.36(H)(3) and (H)(4). | Engineer required :: All waterfront construction such as docks, piers, seawalls or revetments shall be planned and designed by a professional engineer. Sec. 104.64(B)(16). | V zones :: In coastal high hazard areas, bulkheads and seawalls need other-agency authorization, must stand clear of buildings, and need a design professional's analysis showing no harmful diversion of floodwaters or wave runup. Sec. 107.102.11(E)(1).","City of Marathon Code, Appendix A Land Development Regulations, Sec. 106.36(H) Hardened Shorelines; also Secs. 106.38(F), 104.64(B)(16), 107.102.11(E)(1), 108.20(B)",https://marathon.municipalcodeonline.com/book?type=ordinances#name=Sec_106.36_Criteria_For_Approval,2026-10,verified,"Searched the Marathon Municipal Code (municipalcodeonline.com, official city-maintained book) for 'seawall' (8 exact matches) and 'bulkhead' (10). Read Secs. 104.64, 106.36, 106.38, 107.102.11 and 108.20 in full; remaining hits are definitions and a lobster-season diving rule. None sets an elevation. Subsection letters (H, B, E) follow the code's own cross-references (e.g. 106.38 cites 'Subsection 106.36H'); the print view shows them as numbers, so confirm the lettering against the official book.",VERIFIED,"municipalcodeonline Sec. 106.36 read in full: 'Hardened Shorelines' is the 8th lettered item (H); sub-items 1 (replacement, 2-ft cap), 3 (no open water), 4 (turtle beaches), 5 (6-in retention swale), 6 (bulkhead line at average MHW) match; Sec. 106.38 itself cites 'Subsection 106.36H'. No elevation. Online book renders items without letters; letters inferred from order + cross-reference. Other cited secs (104.64, 107.102.11) not re-read."
islamorada,seawall-height-requirement,none,n/a,"Islamorada's Village Code sets no minimum or maximum seawall top elevation in any datum. It is one of the strictest hardening codes in the Keys: vertical seawalls are barred on open water, and a damaged seawall is to be repaired with riprap and native plants unless riprap is shown not to be feasible.","No fixed elevation :: Islamorada Village Code Sec. 30-1545, Bulkheads, seawalls or riprap, sets no seawall top elevation in NAVD88, NGVD29 or any other datum. | Open water :: New vertical seawalls or bulkheads are not permitted on open water except under F.S. 373.414(5). Vertical seawalls as defined in Rule 62-330, F.A.C., shall not be permitted. Sec. 30-1545(a) and (b). | Altered shorelines :: Hardening with bulkheads, seawalls and other vertical structures may be permitted only to stabilize severely eroding shorelines under Rule 62-330.0501(12), F.A.C., and the conditions in subsection (e). Sec. 30-1545(c). | Retention behind the wall :: The design must include a minimum six-inch retention swale, berm or curb directly landward of the system. Sec. 30-1545(b) and (e)(5). | Repairs :: A deteriorated, lawfully existing seawall may be repaired or replaced, keeping the existing footprint to the maximum extent practicable. Damaged seawalls shall be repaired using riprap with native shoreline vegetation, and bulkheads are permitted only if riprap with filter cloth is not feasible. Sec. 30-1545(g). | Cap width :: A seawall may have a cap up to two feet wide without being considered a dock. Sec. 30-1545(i). | Setback :: The shoreline setback does not apply to seawalls, retaining walls, riprap and bulkheads permitted under the division. Sec. 30-1542(c). | V and Coastal A zones :: Bulkheads and seawalls need other-agency authorization, must stand clear of buildings, and need a design professional's analysis showing no harmful diversion of floodwaters or wave runup. Sec. 6-94.4(d)(1).","Islamorada, Village of Islands, Village Code Ch. 30 Land Development Regulations, Sec. 30-1545 (Bulkheads, seawalls or riprap); also Sec. 30-1542 and Sec. 6-94.4","https://islamorada.municipalcodeonline.com/book?type=ordinances#name=Sec_30-1545_Bulkheads,_Seawalls_Or_Riprap",2026-10,verified,"Searched the Islamorada Village Code (municipalcodeonline.com, official village-maintained book) for 'seawall' (8 exact matches) and 'bulkhead' (7). Read Secs. 30-1545, 30-1542 and 6-94.4 in full; other hits are definitions, site plan review, exemptions, fertilizer setbacks and docking standards. None sets an elevation. Subsection letters follow the code's own internal references (e.g. 'subsection (d)'); the print view shows numbers, so confirm the lettering.",VERIFIED,"municipalcodeonline Sec. 30-1545 read in full: item order gives (a) open water F.S. 373.414(5), (b) 6-in retention + no 62-330 vertical seawalls, (c) altered shorelines, (e)(5) retention berm, (g) repairs with riprap preference, (i) 2-ft cap - all match detail rows (letters inferred from order; site renders unlabeled). No elevation. Secs. 30-1542 and 6-94.4 not re-read."
key-largo,seawall-height-requirement,none,n/a,"Key Largo is unincorporated, so Monroe County's Land Development Code governs, and it sets no minimum or maximum seawall top elevation in NAVD88, NGVD29 or any other datum. The only height rule is relative: your yard behind the wall must sit at least six inches below the top of the wall. The design elevation comes from your engineer and your state and federal permits, not from a county number.","No fixed elevation :: Monroe County LDC Sec. 118-12(k), Bulkheads, seawalls, and riprap, sets where and when seawalls are allowed but states no minimum or maximum top elevation in any datum. | The one height rule :: Existing grade landward of the bulkhead shall be at least six inches lower than the top of the bulkhead. Sec. 118-12(k)(2). This is measured against your own yard, not a fixed elevation. | Cap width :: A seawall without a principal use may have a cap no more than two feet wide, and docking attachments such as davits, cleats and platforms are allowed only as accessory to a principal use. Sec. 118-12(k)(1). | Where a vertical wall is allowed :: Only to stabilize a severely eroding shoreline on a manmade canal, channel or basin, and only if native vegetation or riprap with filter cloth is not feasible. No new seawalls, bulkheads or other hardened vertical structures on open water. Sec. 118-12(k)(3). | Repair and replacement :: A lawfully existing, deteriorated seawall may be repaired or replaced and is exempt from the nonsubstantial-improvement limits except on known or potential sea turtle nesting beaches. Keep the existing footprint to the maximum extent practicable. Sec. 118-12(k)(4). | Turtle beaches :: No seawalls, bulkheads or riprap on or waterward of a beach berm that is known or potential marine turtle nesting area. Sec. 118-12(k)(7). | V zones :: In coastal high hazard areas (Zone V), bulkheads and seawalls are allowed only if also authorized by the appropriate federal, state or local authority, located outside and not attached to buildings, and backed by a registered design professional's analysis showing no harmful diversion of floodwaters or wave runup and reflection. Sec. 122-31(d)(1).","Monroe County Land Development Code Sec. 118-12(k) (Shoreline Setback - Bulkheads, seawalls, and riprap) and Sec. 122-31(d)(1) (Floodplain Management - Other development); LDC online version May 18, 2026",https://library.municode.com/fl/monroe_county/codes/land_development_code?nodeId=CH118ENPR_ARTIINGE_S118-12SHSE,2026-10,verified,"Searched Municode full text of all three Monroe County books (Code of Ordinances updated Aug 24 2026, LDC updated May 18 2026, Comprehensive Plan): 'seawall' (18 code hits), 'seawall elevation' (9), 'bulkhead elevation' (5), plus 'seawall' in the ordinances tab (16). Read Sec. 118-12 and Sec. 122-31 in full; other hits (Secs. 6-100, 6-198, 12-30, 12-34, 131-3, 118-10, comp plan objectives) are permits, contractor licensing, fertilizer, setbacks or capital projects and set no elevation. Same county text applies to all four unincorporated places.",VERIFIED,"Monroe County LDC Version May 18, 2026; Sec. 118-12(k)(1)-(9) read in full: (1) 2-ft cap for walls without principal use, (2) grade landward at least 6 in below bulkhead top, (3) vertical walls only on manmade canals/no open water, (4) repair/replace footprint, (7) turtle beaches - exact match; no elevation. Municode search across county books: no seawall elevation. Sec. 122-31(d)(1) confirmed by search fragment only."
big-pine-key,seawall-height-requirement,none,n/a,"Big Pine Key is unincorporated, so Monroe County's Land Development Code governs, and it sets no minimum or maximum seawall top elevation in NAVD88, NGVD29 or any other datum. The only height rule is relative: your yard behind the wall must sit at least six inches below the top of the wall. The design elevation comes from your engineer and your state and federal permits, not from a county number.","No fixed elevation :: Monroe County LDC Sec. 118-12(k), Bulkheads, seawalls, and riprap, sets where and when seawalls are allowed but states no minimum or maximum top elevation in any datum. | The one height rule :: Existing grade landward of the bulkhead shall be at least six inches lower than the top of the bulkhead. Sec. 118-12(k)(2). This is measured against your own yard, not a fixed elevation. | Cap width :: A seawall without a principal use may have a cap no more than two feet wide, and docking attachments such as davits, cleats and platforms are allowed only as accessory to a principal use. Sec. 118-12(k)(1). | Where a vertical wall is allowed :: Only to stabilize a severely eroding shoreline on a manmade canal, channel or basin, and only if native vegetation or riprap with filter cloth is not feasible. No new seawalls, bulkheads or other hardened vertical structures on open water. Sec. 118-12(k)(3). | Repair and replacement :: A lawfully existing, deteriorated seawall may be repaired or replaced and is exempt from the nonsubstantial-improvement limits except on known or potential sea turtle nesting beaches. Keep the existing footprint to the maximum extent practicable. Sec. 118-12(k)(4). | Turtle beaches :: No seawalls, bulkheads or riprap on or waterward of a beach berm that is known or potential marine turtle nesting area. Sec. 118-12(k)(7). | V zones :: In coastal high hazard areas (Zone V), bulkheads and seawalls are allowed only if also authorized by the appropriate federal, state or local authority, located outside and not attached to buildings, and backed by a registered design professional's analysis showing no harmful diversion of floodwaters or wave runup and reflection. Sec. 122-31(d)(1).","Monroe County Land Development Code Sec. 118-12(k) (Shoreline Setback - Bulkheads, seawalls, and riprap) and Sec. 122-31(d)(1) (Floodplain Management - Other development); LDC online version May 18, 2026",https://library.municode.com/fl/monroe_county/codes/land_development_code?nodeId=CH118ENPR_ARTIINGE_S118-12SHSE,2026-10,verified,"Searched Municode full text of all three Monroe County books (Code of Ordinances updated Aug 24 2026, LDC updated May 18 2026, Comprehensive Plan): 'seawall' (18 code hits), 'seawall elevation' (9), 'bulkhead elevation' (5), plus 'seawall' in the ordinances tab (16). Read Sec. 118-12 and Sec. 122-31 in full; other hits (Secs. 6-100, 6-198, 12-30, 12-34, 131-3, 118-10, comp plan objectives) are permits, contractor licensing, fertilizer, setbacks or capital projects and set no elevation. Same county text applies to all four unincorporated places.",VERIFIED,"Monroe County LDC Version May 18, 2026; Sec. 118-12(k)(1)-(9) read in full: (1) 2-ft cap for walls without principal use, (2) grade landward at least 6 in below bulkhead top, (3) vertical walls only on manmade canals/no open water, (4) repair/replace footprint, (7) turtle beaches - exact match; no elevation. Municode search across county books: no seawall elevation. Sec. 122-31(d)(1) confirmed by search fragment only."
tavernier,seawall-height-requirement,none,n/a,"Tavernier is unincorporated, so Monroe County's Land Development Code governs, and it sets no minimum or maximum seawall top elevation in NAVD88, NGVD29 or any other datum. The only height rule is relative: your yard behind the wall must sit at least six inches below the top of the wall. The design elevation comes from your engineer and your state and federal permits, not from a county number.","No fixed elevation :: Monroe County LDC Sec. 118-12(k), Bulkheads, seawalls, and riprap, sets where and when seawalls are allowed but states no minimum or maximum top elevation in any datum. | The one height rule :: Existing grade landward of the bulkhead shall be at least six inches lower than the top of the bulkhead. Sec. 118-12(k)(2). This is measured against your own yard, not a fixed elevation. | Cap width :: A seawall without a principal use may have a cap no more than two feet wide, and docking attachments such as davits, cleats and platforms are allowed only as accessory to a principal use. Sec. 118-12(k)(1). | Where a vertical wall is allowed :: Only to stabilize a severely eroding shoreline on a manmade canal, channel or basin, and only if native vegetation or riprap with filter cloth is not feasible. No new seawalls, bulkheads or other hardened vertical structures on open water. Sec. 118-12(k)(3). | Repair and replacement :: A lawfully existing, deteriorated seawall may be repaired or replaced and is exempt from the nonsubstantial-improvement limits except on known or potential sea turtle nesting beaches. Keep the existing footprint to the maximum extent practicable. Sec. 118-12(k)(4). | Turtle beaches :: No seawalls, bulkheads or riprap on or waterward of a beach berm that is known or potential marine turtle nesting area. Sec. 118-12(k)(7). | V zones :: In coastal high hazard areas (Zone V), bulkheads and seawalls are allowed only if also authorized by the appropriate federal, state or local authority, located outside and not attached to buildings, and backed by a registered design professional's analysis showing no harmful diversion of floodwaters or wave runup and reflection. Sec. 122-31(d)(1).","Monroe County Land Development Code Sec. 118-12(k) (Shoreline Setback - Bulkheads, seawalls, and riprap) and Sec. 122-31(d)(1) (Floodplain Management - Other development); LDC online version May 18, 2026",https://library.municode.com/fl/monroe_county/codes/land_development_code?nodeId=CH118ENPR_ARTIINGE_S118-12SHSE,2026-10,verified,"Searched Municode full text of all three Monroe County books (Code of Ordinances updated Aug 24 2026, LDC updated May 18 2026, Comprehensive Plan): 'seawall' (18 code hits), 'seawall elevation' (9), 'bulkhead elevation' (5), plus 'seawall' in the ordinances tab (16). Read Sec. 118-12 and Sec. 122-31 in full; other hits (Secs. 6-100, 6-198, 12-30, 12-34, 131-3, 118-10, comp plan objectives) are permits, contractor licensing, fertilizer, setbacks or capital projects and set no elevation. Same county text applies to all four unincorporated places.",VERIFIED,"Monroe County LDC Version May 18, 2026; Sec. 118-12(k)(1)-(9) read in full: (1) 2-ft cap for walls without principal use, (2) grade landward at least 6 in below bulkhead top, (3) vertical walls only on manmade canals/no open water, (4) repair/replace footprint, (7) turtle beaches - exact match; no elevation. Municode search across county books: no seawall elevation. Sec. 122-31(d)(1) confirmed by search fragment only."
cudjoe-key,seawall-height-requirement,none,n/a,"Cudjoe Key is unincorporated, so Monroe County's Land Development Code governs, and it sets no minimum or maximum seawall top elevation in NAVD88, NGVD29 or any other datum. The only height rule is relative: your yard behind the wall must sit at least six inches below the top of the wall. The design elevation comes from your engineer and your state and federal permits, not from a county number.","No fixed elevation :: Monroe County LDC Sec. 118-12(k), Bulkheads, seawalls, and riprap, sets where and when seawalls are allowed but states no minimum or maximum top elevation in any datum. | The one height rule :: Existing grade landward of the bulkhead shall be at least six inches lower than the top of the bulkhead. Sec. 118-12(k)(2). This is measured against your own yard, not a fixed elevation. | Cap width :: A seawall without a principal use may have a cap no more than two feet wide, and docking attachments such as davits, cleats and platforms are allowed only as accessory to a principal use. Sec. 118-12(k)(1). | Where a vertical wall is allowed :: Only to stabilize a severely eroding shoreline on a manmade canal, channel or basin, and only if native vegetation or riprap with filter cloth is not feasible. No new seawalls, bulkheads or other hardened vertical structures on open water. Sec. 118-12(k)(3). | Repair and replacement :: A lawfully existing, deteriorated seawall may be repaired or replaced and is exempt from the nonsubstantial-improvement limits except on known or potential sea turtle nesting beaches. Keep the existing footprint to the maximum extent practicable. Sec. 118-12(k)(4). | Turtle beaches :: No seawalls, bulkheads or riprap on or waterward of a beach berm that is known or potential marine turtle nesting area. Sec. 118-12(k)(7). | V zones :: In coastal high hazard areas (Zone V), bulkheads and seawalls are allowed only if also authorized by the appropriate federal, state or local authority, located outside and not attached to buildings, and backed by a registered design professional's analysis showing no harmful diversion of floodwaters or wave runup and reflection. Sec. 122-31(d)(1).","Monroe County Land Development Code Sec. 118-12(k) (Shoreline Setback - Bulkheads, seawalls, and riprap) and Sec. 122-31(d)(1) (Floodplain Management - Other development); LDC online version May 18, 2026",https://library.municode.com/fl/monroe_county/codes/land_development_code?nodeId=CH118ENPR_ARTIINGE_S118-12SHSE,2026-10,verified,"Searched Municode full text of all three Monroe County books (Code of Ordinances updated Aug 24 2026, LDC updated May 18 2026, Comprehensive Plan): 'seawall' (18 code hits), 'seawall elevation' (9), 'bulkhead elevation' (5), plus 'seawall' in the ordinances tab (16). Read Sec. 118-12 and Sec. 122-31 in full; other hits (Secs. 6-100, 6-198, 12-30, 12-34, 131-3, 118-10, comp plan objectives) are permits, contractor licensing, fertilizer, setbacks or capital projects and set no elevation. Same county text applies to all four unincorporated places.",VERIFIED,"Monroe County LDC Version May 18, 2026; Sec. 118-12(k)(1)-(9) read in full: (1) 2-ft cap for walls without principal use, (2) grade landward at least 6 in below bulkhead top, (3) vertical walls only on manmade canals/no open water, (4) repair/replace footprint, (7) turtle beaches - exact match; no elevation. Municode search across county books: no seawall elevation. Sec. 122-31(d)(1) confirmed by search fragment only."
