citySlug,topicSlug,headline_answer,unit,qualifier,detail_rows,source,source_url,verified_date,status,notes
fort-lauderdale,seawall-permit,"Yes, plus county license",city permit + county license,"Yes, Fort Lauderdale requires a permit from its Development Services Department for seawalls. A substantial repair (more than 50% of the shoreline length or more than 50% of replacement cost) must bring the wall up to the city's tidal flood barrier height. Broward County also requires its own Environmental Resource License, usually a quick general license for a repair in the same place.","City :: Permit from the Development Services Department before building mooring structures; 'mooring structure' includes a seawall - Code Sec. 8-91(a)(2), (b). Seawall permits need a current signed and sealed survey and Zoning Affidavit - Permitting Services page. Substantial repair or rehabilitation (work along more than 50% of the shoreline length or over 50% of replacement cost) must meet the tidal flood barrier elevation (5.0 ft NAVD88; 4.0 ft for applications before 1 Jan 2035) - ULDR Sec. 47-19.13 | Broward County :: Work in regulated waters needs a county Environmental Resource License (ERL) - Broward County Code Sec. 27-333(a)(1). Repair, maintenance or restoration of an existing functional seawall no more than 1 ft waterward of its authorized location (or a new wall within 1 ft of the old wet face with the old wall left in place) qualifies for a general license - Sec. 27-336(a)(1)b.; so do refacing, crack filling, seepage holes and other minor repairs (Sec. 27-336(a)(1)n.) and raising the cap in the same footprint (Sec. 27-336(a)(1)o.). Applications go through the county ePermits portal; the county says a general license usually takes 7-10 days - Broward County Technical Bulletin, Docks/Seawalls, Apr 2025 | State :: Restoring a seawall at its previous location, upland of it, or within 18 inches waterward is exempt from a state environmental resource permit - s. 403.813(1)(e), F.S. The exemption does not remove the need for permission to use state-owned submerged lands or for county and city requirements - s. 403.813(1), F.S. (opening paragraph) | Federal :: A U.S. Army Corps of Engineers (Department of the Army) authorization is required for structures or work in or affecting navigable waters, unless exempt or covered by a nationwide or regional general permit - 33 CFR 322.3(a) (Rivers and Harbors Act s. 10)","Fort Lauderdale Code Sec. 8-91; ULDR Sec. 47-19.13; Broward County Code Ch. 27 Art. XI Secs. 27-333, 27-336 (Supp. 72); s. 403.813(1)(e), F.S. (2026); 33 CFR 322.3(a)",https://www.fortlauderdale.gov/Government/Departments/Development-Services/Permitting-Services,2026-10,needs-review,"Sec. 8-91 read in full via Municode API. ULDR 47-19.13 quotes taken from Municode search excerpts (partial); ordinance number not confirmed. City FAQ says dock re-decking needs 'approval from Broward County' - docks only, not quoted for seawalls. Broward County layer: Sec. 27-336 item letters (b., n., o.) read from Municode API text of Supp. 72; parent paragraph number (a)(1) inferred from the HTML structure - confirm. Code names the department PWESD; the Apr 2025 Technical Bulletin is issued by the Resilient Environment Department. State: FAC 62-330.051 (implements 403.813(1)) not read - the .doc would not render. Federal: specific Nationwide Permit numbers not cited; 2026 NWPs took effect 15 Mar 2026 (Fed. Reg. 8 Jan 2026). "
hollywood,seawall-permit,"Yes, plus county license",city permit + county license,"Yes, Hollywood issues a building permit to build, rebuild or repair a waterfront retaining wall only if the code's seawall rules are met, including an engineer's design. Substantial repair (more than 50% of the shoreline or of the cost of a new wall) triggers the city's tidal flood barrier height. Broward County also requires its own Environmental Resource License, usually a quick general license for a repair in the same place.","City :: No building permit to construct, reconstruct, structurally alter or repair any retaining wall on property abutting open waterways unless the subchapter is met - Code s. 150.23; design by a Florida-registered engineer - s. 150.22. Substantial repair (more than 50% of shoreline length or of the cost of a new barrier) must meet 5.0 ft NAVD88 (4.0 ft for applications before 2035) - s. 150.30 | Broward County :: Work in regulated waters needs a county Environmental Resource License (ERL) - Broward County Code Sec. 27-333(a)(1). Repair, maintenance or restoration of an existing functional seawall no more than 1 ft waterward of its authorized location (or a new wall within 1 ft of the old wet face with the old wall left in place) qualifies for a general license - Sec. 27-336(a)(1)b.; so do refacing, crack filling, seepage holes and other minor repairs (Sec. 27-336(a)(1)n.) and raising the cap in the same footprint (Sec. 27-336(a)(1)o.). Applications go through the county ePermits portal; the county says a general license usually takes 7-10 days - Broward County Technical Bulletin, Docks/Seawalls, Apr 2025 | State :: Restoring a seawall at its previous location, upland of it, or within 18 inches waterward is exempt from a state environmental resource permit - s. 403.813(1)(e), F.S. The exemption does not remove the need for permission to use state-owned submerged lands or for county and city requirements - s. 403.813(1), F.S. (opening paragraph) | Federal :: A U.S. Army Corps of Engineers (Department of the Army) authorization is required for structures or work in or affecting navigable waters, unless exempt or covered by a nationwide or regional general permit - 33 CFR 322.3(a) (Rivers and Harbors Act s. 10)","Hollywood Code of Ordinances ss. 150.22, 150.23, 150.30 (American Legal Publishing); Broward County Code Ch. 27 Art. XI Secs. 27-333, 27-336 (Supp. 72); s. 403.813(1)(e), F.S. (2026); 33 CFR 322.3(a)",https://codelibrary.amlegal.com/codes/hollywood/latest/hollywood_fl/0-0-0-45606,2026-10,needs-review,"Hollywood code is published by American Legal Publishing (official publisher), not Municode. Issuing department not named in the code - not published. Sections fetched by a research sub-agent, not re-read by the lead. Broward County layer: Sec. 27-336 item letters (b., n., o.) read from Municode API text of Supp. 72; parent paragraph number (a)(1) inferred from the HTML structure - confirm. Code names the department PWESD; the Apr 2025 Technical Bulletin is issued by the Resilient Environment Department. State: FAC 62-330.051 (implements 403.813(1)) not read - the .doc would not render. Federal: specific Nationwide Permit numbers not cited; 2026 NWPs took effect 15 Mar 2026 (Fed. Reg. 8 Jan 2026). "
pompano-beach,seawall-permit,"Yes, plus county license",city engineering + building permits + county license,"Yes, two city permits: an engineering permit from the City Engineer and a building permit from the Building Official, with plans by a Florida-licensed engineer. The code also tells applicants to get Broward County, state and Army Corps approvals. A substantial repair must raise the wall to 5.0 ft NAVD88.","City :: Seawalls, caps and rip-rap need an engineering permit from the City Engineer and a building permit from the City Building Official; applicant must also seek approvals from Broward County, FDEP/SFWMD and the Army Corps - Code s. 151.02(A). Plans by a Florida-licensed engineer plus as-builts - s. 151.02(C). Substantial repair (more than 50% of shoreline length or cost) - s. 151.01; minimum 5.0 ft, maximum 5 ft 10 in NAVD88 - s. 151.05 | Broward County :: Work in regulated waters needs a county Environmental Resource License (ERL) - Broward County Code Sec. 27-333(a)(1). Repair, maintenance or restoration of an existing functional seawall no more than 1 ft waterward of its authorized location (or a new wall within 1 ft of the old wet face with the old wall left in place) qualifies for a general license - Sec. 27-336(a)(1)b.; so do refacing, crack filling, seepage holes and other minor repairs (Sec. 27-336(a)(1)n.) and raising the cap in the same footprint (Sec. 27-336(a)(1)o.). Applications go through the county ePermits portal; the county says a general license usually takes 7-10 days - Broward County Technical Bulletin, Docks/Seawalls, Apr 2025 | State :: Restoring a seawall at its previous location, upland of it, or within 18 inches waterward is exempt from a state environmental resource permit - s. 403.813(1)(e), F.S. The exemption does not remove the need for permission to use state-owned submerged lands or for county and city requirements - s. 403.813(1), F.S. (opening paragraph) | Federal :: A U.S. Army Corps of Engineers (Department of the Army) authorization is required for structures or work in or affecting navigable waters, unless exempt or covered by a nationwide or regional general permit - 33 CFR 322.3(a) (Rivers and Harbors Act s. 10)","Pompano Beach Code ss. 151.01, 151.02, 151.05 (American Legal Publishing); Broward County Code Ch. 27 Art. XI Secs. 27-333, 27-336 (Supp. 72); s. 403.813(1)(e), F.S. (2026); 33 CFR 322.3(a)",https://codelibrary.amlegal.com/codes/pompanobeach/latest/pompanobeach_fl/0-0-0-86155,2026-10,needs-review,"Code names the 'Broward County Environmental Protection and Growth Management Department' (older department name). Sections fetched by a research sub-agent, not re-read by the lead. Broward County layer: Sec. 27-336 item letters (b., n., o.) read from Municode API text of Supp. 72; parent paragraph number (a)(1) inferred from the HTML structure - confirm. Code names the department PWESD; the Apr 2025 Technical Bulletin is issued by the Resilient Environment Department. State: FAC 62-330.051 (implements 403.813(1)) not read - the .doc would not render. Federal: specific Nationwide Permit numbers not cited; 2026 NWPs took effect 15 Mar 2026 (Fed. Reg. 8 Jan 2026). "
deerfield-beach,seawall-permit,"Yes, plus county license",city permit + county license,"Yes, Seawall work in Deerfield Beach goes through the city's Building Services, which handles Florida Building Code permits and inspections. Broward County also requires its own Environmental Resource License, usually a quick general license for a repair in the same place.","City :: Building permits and inspections handled by Building Services (CAP Government) - City Building Services page. No city code section naming seawalls was confirmed | Broward County :: Work in regulated waters needs a county Environmental Resource License (ERL) - Broward County Code Sec. 27-333(a)(1). Repair, maintenance or restoration of an existing functional seawall no more than 1 ft waterward of its authorized location (or a new wall within 1 ft of the old wet face with the old wall left in place) qualifies for a general license - Sec. 27-336(a)(1)b.; so do refacing, crack filling, seepage holes and other minor repairs (Sec. 27-336(a)(1)n.) and raising the cap in the same footprint (Sec. 27-336(a)(1)o.). Applications go through the county ePermits portal; the county says a general license usually takes 7-10 days - Broward County Technical Bulletin, Docks/Seawalls, Apr 2025 | State :: Restoring a seawall at its previous location, upland of it, or within 18 inches waterward is exempt from a state environmental resource permit - s. 403.813(1)(e), F.S. The exemption does not remove the need for permission to use state-owned submerged lands or for county and city requirements - s. 403.813(1), F.S. (opening paragraph) | Federal :: A U.S. Army Corps of Engineers (Department of the Army) authorization is required for structures or work in or affecting navigable waters, unless exempt or covered by a nationwide or regional general permit - 33 CFR 322.3(a) (Rivers and Harbors Act s. 10)","Deerfield Beach Building Services page; Broward County Code Ch. 27 Art. XI Secs. 27-333, 27-336 (Supp. 72); s. 403.813(1)(e), F.S. (2026); 33 CFR 322.3(a)",https://www.deerfield-beach.com/294/Building-Services,2026-10,needs-review,"No seawall checklist or seawall-specific permit section found. City dock checklist requires 'Approval by all required outside agency's (e.g. Broward County DER...)' - docks only. LDC Sec. 98-87 appears to carry a substantial-repair / 4 ft-5 ft NAVD88 rule but only search excerpts were seen and they mention docks; 50% wording and ordinance number not confirmed - kept out of published fields. Online LDC codified only through Ord. 2024/011. Broward County layer: Sec. 27-336 item letters (b., n., o.) read from Municode API text of Supp. 72; parent paragraph number (a)(1) inferred from the HTML structure - confirm. Code names the department PWESD; the Apr 2025 Technical Bulletin is issued by the Resilient Environment Department. State: FAC 62-330.051 (implements 403.813(1)) not read - the .doc would not render. Federal: specific Nationwide Permit numbers not cited; 2026 NWPs took effect 15 Mar 2026 (Fed. Reg. 8 Jan 2026). "
lighthouse-point,seawall-permit,"Yes, plus county license",city permit + county license,"Yes, Lighthouse Point lists repairs to seawalls among work that needs a permit from its Building & Zoning Department. Broward County also requires its own Environmental Resource License, usually a quick general license for a repair in the same place.","City :: 'Repairs to seawalls' need a permit - City FAQ (Building & Zoning); permits through the city SmartGov portal | Broward County :: Work in regulated waters needs a county Environmental Resource License (ERL) - Broward County Code Sec. 27-333(a)(1). Repair, maintenance or restoration of an existing functional seawall no more than 1 ft waterward of its authorized location (or a new wall within 1 ft of the old wet face with the old wall left in place) qualifies for a general license - Sec. 27-336(a)(1)b.; so do refacing, crack filling, seepage holes and other minor repairs (Sec. 27-336(a)(1)n.) and raising the cap in the same footprint (Sec. 27-336(a)(1)o.). Applications go through the county ePermits portal; the county says a general license usually takes 7-10 days - Broward County Technical Bulletin, Docks/Seawalls, Apr 2025 | State :: Restoring a seawall at its previous location, upland of it, or within 18 inches waterward is exempt from a state environmental resource permit - s. 403.813(1)(e), F.S. The exemption does not remove the need for permission to use state-owned submerged lands or for county and city requirements - s. 403.813(1), F.S. (opening paragraph) | Federal :: A U.S. Army Corps of Engineers (Department of the Army) authorization is required for structures or work in or affecting navigable waters, unless exempt or covered by a nationwide or regional general permit - 33 CFR 322.3(a) (Rivers and Harbors Act s. 10)","City of Lighthouse Point Building & Zoning FAQ; Broward County Code Ch. 27 Art. XI Secs. 27-333, 27-336 (Supp. 72); s. 403.813(1)(e), F.S. (2026); 33 CFR 322.3(a)",https://www.lighthousepointfl.gov/Faq.aspx?TID=15,2026-10,needs-review,"City seawall ordinance (LDC Sec. 33-18, Ord. 2024-1033) not re-verified: Municode online code is stale and the ordinance is a scanned PDF. Earlier height research (OCR) indicates walls below 3 ft 8 in NAVD88 may remain until 50% or more is repaired/reconstructed - kept out of published fields until a person reads the PDF. FAQ says Broward County approval is needed for dock re-deck permits; not confirmed for seawalls at city level. Broward County layer: Sec. 27-336 item letters (b., n., o.) read from Municode API text of Supp. 72; parent paragraph number (a)(1) inferred from the HTML structure - confirm. Code names the department PWESD; the Apr 2025 Technical Bulletin is issued by the Resilient Environment Department. State: FAC 62-330.051 (implements 403.813(1)) not read - the .doc would not render. Federal: specific Nationwide Permit numbers not cited; 2026 NWPs took effect 15 Mar 2026 (Fed. Reg. 8 Jan 2026). "
dania-beach,seawall-permit,"Yes, plus county license",city permit + county license,"Yes, Dania Beach adopts the Florida Building Code and its seawall rule tells owners to design, permit, build and pass final inspection. A substantial repair (more than 50% of the shoreline length or more than 50% of cost) must meet the city's tidal flood barrier height. Broward County also requires its own Environmental Resource License, usually a quick general license for a repair in the same place.","City :: Building Division, Community Development Department; Florida Building Code adopted in its entirety - Code Sec. 8-1. Owners must 'design, obtain permits, cause to be constructed, and obtain final inspection approval' - Sec. 12-87(b). Substantial repair = more than 50% of shoreline length or more than 50% of cost - Sec. 12-86; then 5.0 ft NAVD88 (4.0 ft for applications before 1 Jan 2035) - Sec. 12-87(a) | Broward County :: Work in regulated waters needs a county Environmental Resource License (ERL) - Broward County Code Sec. 27-333(a)(1). Repair, maintenance or restoration of an existing functional seawall no more than 1 ft waterward of its authorized location (or a new wall within 1 ft of the old wet face with the old wall left in place) qualifies for a general license - Sec. 27-336(a)(1)b.; so do refacing, crack filling, seepage holes and other minor repairs (Sec. 27-336(a)(1)n.) and raising the cap in the same footprint (Sec. 27-336(a)(1)o.). Applications go through the county ePermits portal; the county says a general license usually takes 7-10 days - Broward County Technical Bulletin, Docks/Seawalls, Apr 2025 | State :: Restoring a seawall at its previous location, upland of it, or within 18 inches waterward is exempt from a state environmental resource permit - s. 403.813(1)(e), F.S. The exemption does not remove the need for permission to use state-owned submerged lands or for county and city requirements - s. 403.813(1), F.S. (opening paragraph) | Federal :: A U.S. Army Corps of Engineers (Department of the Army) authorization is required for structures or work in or affecting navigable waters, unless exempt or covered by a nationwide or regional general permit - 33 CFR 322.3(a) (Rivers and Harbors Act s. 10)","Dania Beach Code Secs. 8-1, 12-86, 12-87; Broward County Code Ch. 27 Art. XI Secs. 27-333, 27-336 (Supp. 72); s. 403.813(1)(e), F.S. (2026); 33 CFR 322.3(a)",https://library.municode.com/fl/dania_beach/codes/code_of_ordinances?nodeId=PTIICOOR_CH12FLDAPR_ARTXVIISE_S12-87MIELCOINWITIINAR,2026-10,needs-review,"Sec. 12-87(b) duty arises in the disrepair/enforcement context. Sections fetched by a research sub-agent, not re-read by the lead. Broward County layer: Sec. 27-336 item letters (b., n., o.) read from Municode API text of Supp. 72; parent paragraph number (a)(1) inferred from the HTML structure - confirm. Code names the department PWESD; the Apr 2025 Technical Bulletin is issued by the Resilient Environment Department. State: FAC 62-330.051 (implements 403.813(1)) not read - the .doc would not render. Federal: specific Nationwide Permit numbers not cited; 2026 NWPs took effect 15 Mar 2026 (Fed. Reg. 8 Jan 2026). "
hallandale-beach,seawall-permit,"Yes, plus county license",city permit + county license,"Yes, Hallandale Beach adopts the Florida Building Code and permits go through its Building Division. Substantial repair of more than 50% of the shoreline length pulls in the city's tidal flood barrier height. Broward County also requires its own Environmental Resource License, usually a quick general license for a repair in the same place.","City :: Building Division, Sustainable Development Department; Florida Building Code adopted - Code Sec. 8-31. Substantial repair defined as more than 50% of the property's shoreline length - Sec. 8-80; then 5.0 ft NAVD88 (4.0 ft for applications before 2035) - Sec. 8-90 | Broward County :: Work in regulated waters needs a county Environmental Resource License (ERL) - Broward County Code Sec. 27-333(a)(1). Repair, maintenance or restoration of an existing functional seawall no more than 1 ft waterward of its authorized location (or a new wall within 1 ft of the old wet face with the old wall left in place) qualifies for a general license - Sec. 27-336(a)(1)b.; so do refacing, crack filling, seepage holes and other minor repairs (Sec. 27-336(a)(1)n.) and raising the cap in the same footprint (Sec. 27-336(a)(1)o.). Applications go through the county ePermits portal; the county says a general license usually takes 7-10 days - Broward County Technical Bulletin, Docks/Seawalls, Apr 2025 | State :: Restoring a seawall at its previous location, upland of it, or within 18 inches waterward is exempt from a state environmental resource permit - s. 403.813(1)(e), F.S. The exemption does not remove the need for permission to use state-owned submerged lands or for county and city requirements - s. 403.813(1), F.S. (opening paragraph) | Federal :: A U.S. Army Corps of Engineers (Department of the Army) authorization is required for structures or work in or affecting navigable waters, unless exempt or covered by a nationwide or regional general permit - 33 CFR 322.3(a) (Rivers and Harbors Act s. 10)","Hallandale Beach Code Secs. 8-31, 8-80, 8-90; Broward County Code Ch. 27 Art. XI Secs. 27-333, 27-336 (Supp. 72); s. 403.813(1)(e), F.S. (2026); 33 CFR 322.3(a)",https://www.hallandalebeachfl.gov/1036/Building-Division,2026-10,needs-review,"Secs. 8-31 and 8-90 read only as partial excerpts. Whether Sec. 8-80 also has a cost test not confirmed. Broward County layer: Sec. 27-336 item letters (b., n., o.) read from Municode API text of Supp. 72; parent paragraph number (a)(1) inferred from the HTML structure - confirm. Code names the department PWESD; the Apr 2025 Technical Bulletin is issued by the Resilient Environment Department. State: FAC 62-330.051 (implements 403.813(1)) not read - the .doc would not render. Federal: specific Nationwide Permit numbers not cited; 2026 NWPs took effect 15 Mar 2026 (Fed. Reg. 8 Jan 2026). "
lauderdale-by-the-sea,seawall-permit,"Yes, plus county license",town permit + county license,"Yes, Lauderdale-By-The-Sea adopts the Florida Building Code and permits go through the Town Building Division. Substantial repair of more than 50% of the shoreline length pulls in the town's tidal flood barrier height. Broward County also requires its own Environmental Resource License, usually a quick general license for a repair in the same place.","City :: Town Building Division (plan review and inspections by CAP Government); 'The Florida Building Code is hereby adopted as the building code for the Town' - Code Sec. 6-1(a). Substantial repair = more than 50% of shoreline length - Sec. 9-62; then 5.0 ft NAVD88 (4.0 ft for applications before 2035) - Sec. 9-63 | Broward County :: Work in regulated waters needs a county Environmental Resource License (ERL) - Broward County Code Sec. 27-333(a)(1). Repair, maintenance or restoration of an existing functional seawall no more than 1 ft waterward of its authorized location (or a new wall within 1 ft of the old wet face with the old wall left in place) qualifies for a general license - Sec. 27-336(a)(1)b.; so do refacing, crack filling, seepage holes and other minor repairs (Sec. 27-336(a)(1)n.) and raising the cap in the same footprint (Sec. 27-336(a)(1)o.). Applications go through the county ePermits portal; the county says a general license usually takes 7-10 days - Broward County Technical Bulletin, Docks/Seawalls, Apr 2025 | State :: Restoring a seawall at its previous location, upland of it, or within 18 inches waterward is exempt from a state environmental resource permit - s. 403.813(1)(e), F.S. The exemption does not remove the need for permission to use state-owned submerged lands or for county and city requirements - s. 403.813(1), F.S. (opening paragraph) | Federal :: A U.S. Army Corps of Engineers (Department of the Army) authorization is required for structures or work in or affecting navigable waters, unless exempt or covered by a nationwide or regional general permit - 33 CFR 322.3(a) (Rivers and Harbors Act s. 10)","Lauderdale-By-The-Sea Code Secs. 6-1, 9-62, 9-63; Broward County Code Ch. 27 Art. XI Secs. 27-333, 27-336 (Supp. 72); s. 403.813(1)(e), F.S. (2026); 33 CFR 322.3(a)",https://library.municode.com/fl/lauderdale-by-the-sea/codes/code_of_ordinances?nodeId=PTIICOOR_CH9FLPRCO_ARTXIRESTTIFLPR_S9-63MIELCOINWITIINAR,2026-10,needs-review,"Sec. 30-311 requires Broward County approvals before the town permit, but for boats/lifts/docks only - not used for seawalls. Broward County layer: Sec. 27-336 item letters (b., n., o.) read from Municode API text of Supp. 72; parent paragraph number (a)(1) inferred from the HTML structure - confirm. Code names the department PWESD; the Apr 2025 Technical Bulletin is issued by the Resilient Environment Department. State: FAC 62-330.051 (implements 403.813(1)) not read - the .doc would not render. Federal: specific Nationwide Permit numbers not cited; 2026 NWPs took effect 15 Mar 2026 (Fed. Reg. 8 Jan 2026). "
wilton-manors,seawall-permit,"Yes, plus county license",city permit + county license,"Yes, Wilton Manors' code requires a building permit for seawalls from the Community Development Services Department. Substantial repair (more than 50% of length or of replacement cost) means the wall must reach 5.0 ft NAVD88 along the whole property. Broward County also requires its own Environmental Resource License, usually a quick general license for a repair in the same place.","City :: 'a building permit for the erection of docks, slips, seawalls, mooring piles... shall be obtained from the community development services department' - Code Sec. 11-7(b). Substantial repair defined in Sec. 11-1 (more than 50% of length or of replacement cost); minimum 5.0 ft NAVD88 with no 4.0 ft interim - Sec. 11-27(a); applies to the entire length of the property - Sec. 11-28 | Broward County :: Work in regulated waters needs a county Environmental Resource License (ERL) - Broward County Code Sec. 27-333(a)(1). Repair, maintenance or restoration of an existing functional seawall no more than 1 ft waterward of its authorized location (or a new wall within 1 ft of the old wet face with the old wall left in place) qualifies for a general license - Sec. 27-336(a)(1)b.; so do refacing, crack filling, seepage holes and other minor repairs (Sec. 27-336(a)(1)n.) and raising the cap in the same footprint (Sec. 27-336(a)(1)o.). Applications go through the county ePermits portal; the county says a general license usually takes 7-10 days - Broward County Technical Bulletin, Docks/Seawalls, Apr 2025 | State :: Restoring a seawall at its previous location, upland of it, or within 18 inches waterward is exempt from a state environmental resource permit - s. 403.813(1)(e), F.S. The exemption does not remove the need for permission to use state-owned submerged lands or for county and city requirements - s. 403.813(1), F.S. (opening paragraph) | Federal :: A U.S. Army Corps of Engineers (Department of the Army) authorization is required for structures or work in or affecting navigable waters, unless exempt or covered by a nationwide or regional general permit - 33 CFR 322.3(a) (Rivers and Harbors Act s. 10)","Wilton Manors Code Secs. 11-1, 11-7, 11-27, 11-28; Broward County Code Ch. 27 Art. XI Secs. 27-333, 27-336 (Supp. 72); s. 403.813(1)(e), F.S. (2026); 33 CFR 322.3(a)",https://library.municode.com/fl/wilton_manors/codes/code_of_ordinances?nodeId=PTIICOOR_CH11MAACSHST_S11-7MOST,2026-10,needs-review,"Sec. 11-7(b) wording says 'erection'; repair coverage inferred from the Florida Building Code permit requirement. Broward County layer: Sec. 27-336 item letters (b., n., o.) read from Municode API text of Supp. 72; parent paragraph number (a)(1) inferred from the HTML structure - confirm. Code names the department PWESD; the Apr 2025 Technical Bulletin is issued by the Resilient Environment Department. State: FAC 62-330.051 (implements 403.813(1)) not read - the .doc would not render. Federal: specific Nationwide Permit numbers not cited; 2026 NWPs took effect 15 Mar 2026 (Fed. Reg. 8 Jan 2026). "
hillsboro-beach,seawall-permit,"Yes, plus county license",town permit + county license,"Yes, Hillsboro Beach requires a town building permit with engineering drawings and calculations for seawalls. New or substantially repaired seawalls must reach 5.0 ft NAVD88. Broward County also requires its own Environmental Resource License, usually a quick general license for a repair in the same place.","City :: Any improvement or alteration 'including fences, walls and the like' requires a permit - Code Sec. 4-65(A); Town Building Department. Engineering drawings and calculations required with the building permit; new or substantially repaired seawalls 5.0 ft NAVD88 - Sec. 12-268(D) | Broward County :: Work in regulated waters needs a county Environmental Resource License (ERL) - Broward County Code Sec. 27-333(a)(1). Repair, maintenance or restoration of an existing functional seawall no more than 1 ft waterward of its authorized location (or a new wall within 1 ft of the old wet face with the old wall left in place) qualifies for a general license - Sec. 27-336(a)(1)b.; so do refacing, crack filling, seepage holes and other minor repairs (Sec. 27-336(a)(1)n.) and raising the cap in the same footprint (Sec. 27-336(a)(1)o.). Applications go through the county ePermits portal; the county says a general license usually takes 7-10 days - Broward County Technical Bulletin, Docks/Seawalls, Apr 2025 | State :: Restoring a seawall at its previous location, upland of it, or within 18 inches waterward is exempt from a state environmental resource permit - s. 403.813(1)(e), F.S. The exemption does not remove the need for permission to use state-owned submerged lands or for county and city requirements - s. 403.813(1), F.S. (opening paragraph) | Federal :: A U.S. Army Corps of Engineers (Department of the Army) authorization is required for structures or work in or affecting navigable waters, unless exempt or covered by a nationwide or regional general permit - 33 CFR 322.3(a) (Rivers and Harbors Act s. 10)","Hillsboro Beach Code Secs. 4-65, 12-268; Broward County Code Ch. 27 Art. XI Secs. 27-333, 27-336 (Supp. 72); s. 403.813(1)(e), F.S. (2026); 33 CFR 322.3(a)",https://library.municode.com/fl/hillsboro_beach/codes/code_of_ordinances?nodeId=PTIICO_CH12LADECO_DIV5ZO_ARTXIIIADEXMO_S12-268SE,2026-10,needs-review,"Sec. 4-65(C) is outdated (names Broward County as building official). Definition of 'substantially repaired' in 12-268(D)(3)(a) not confirmed - appears to use a structure/value test, not shoreline length; kept out of published fields. Broward County layer: Sec. 27-336 item letters (b., n., o.) read from Municode API text of Supp. 72; parent paragraph number (a)(1) inferred from the HTML structure - confirm. Code names the department PWESD; the Apr 2025 Technical Bulletin is issued by the Resilient Environment Department. State: FAC 62-330.051 (implements 403.813(1)) not read - the .doc would not render. Federal: specific Nationwide Permit numbers not cited; 2026 NWPs took effect 15 Mar 2026 (Fed. Reg. 8 Jan 2026). "
oakland-park,seawall-permit,"Yes, plus county license",city permit + county license,"Yes, Oakland Park requires a permit from the building official before building structures on or in waterways. Substantial repair (more than 50% of the shoreline length or 50% of value) must meet the city's tidal flood barrier height. Broward County also requires its own Environmental Resource License, usually a quick general license for a repair in the same place.","City :: No structure on or in waterways 'without first obtaining a permit from the building official' plus plan approval and other agency approvals - Code Sec. 14-3. Substantial repair (more than 50% of shoreline length or 50% or more of market value) must meet 5.0 ft NAVD88 (4.0 ft for applications before 2035) - Sec. 14-1 | Broward County :: Work in regulated waters needs a county Environmental Resource License (ERL) - Broward County Code Sec. 27-333(a)(1). Repair, maintenance or restoration of an existing functional seawall no more than 1 ft waterward of its authorized location (or a new wall within 1 ft of the old wet face with the old wall left in place) qualifies for a general license - Sec. 27-336(a)(1)b.; so do refacing, crack filling, seepage holes and other minor repairs (Sec. 27-336(a)(1)n.) and raising the cap in the same footprint (Sec. 27-336(a)(1)o.). Applications go through the county ePermits portal; the county says a general license usually takes 7-10 days - Broward County Technical Bulletin, Docks/Seawalls, Apr 2025 | State :: Restoring a seawall at its previous location, upland of it, or within 18 inches waterward is exempt from a state environmental resource permit - s. 403.813(1)(e), F.S. The exemption does not remove the need for permission to use state-owned submerged lands or for county and city requirements - s. 403.813(1), F.S. (opening paragraph) | Federal :: A U.S. Army Corps of Engineers (Department of the Army) authorization is required for structures or work in or affecting navigable waters, unless exempt or covered by a nationwide or regional general permit - 33 CFR 322.3(a) (Rivers and Harbors Act s. 10)","Oakland Park Code Secs. 14-1, 14-3; Broward County Code Ch. 27 Art. XI Secs. 27-333, 27-336 (Supp. 72); s. 403.813(1)(e), F.S. (2026); 33 CFR 322.3(a)",https://library.municode.com/fl/oakland_park/codes/code_of_ordinances?nodeId=COOR_CH14SEDO_ARTIIPE_S14-3PERE,2026-10,needs-review,"Sec. 14-3 names docks and 'any other structure'; it does not name seawall repair explicitly. Broward County layer: Sec. 27-336 item letters (b., n., o.) read from Municode API text of Supp. 72; parent paragraph number (a)(1) inferred from the HTML structure - confirm. Code names the department PWESD; the Apr 2025 Technical Bulletin is issued by the Resilient Environment Department. State: FAC 62-330.051 (implements 403.813(1)) not read - the .doc would not render. Federal: specific Nationwide Permit numbers not cited; 2026 NWPs took effect 15 Mar 2026 (Fed. Reg. 8 Jan 2026). "
sea-ranch-lakes,seawall-permit,"Yes, plus county license",town permit + county license,"Yes, Sea Ranch Lakes' seawall rule requires owners to design, obtain permits, build and pass final inspection. Substantial repair (more than 50% of length or of cost) must meet the town's tidal flood barrier height. Broward County also requires its own Environmental Resource License, usually a quick general license for a repair in the same place.","City :: Owners must 'design, obtain permits, cause to be constructed, and obtain final inspection approval' - LDC 6.01.06(C)(2)(b). Substantial repair = more than 50% of length or more than 50% of cost; 5.0 ft NAVD88 (4.0 ft for applications before 2035) - LDC 6.01.06 (Ord. 2021-02) | Broward County :: Work in regulated waters needs a county Environmental Resource License (ERL) - Broward County Code Sec. 27-333(a)(1). Repair, maintenance or restoration of an existing functional seawall no more than 1 ft waterward of its authorized location (or a new wall within 1 ft of the old wet face with the old wall left in place) qualifies for a general license - Sec. 27-336(a)(1)b.; so do refacing, crack filling, seepage holes and other minor repairs (Sec. 27-336(a)(1)n.) and raising the cap in the same footprint (Sec. 27-336(a)(1)o.). Applications go through the county ePermits portal; the county says a general license usually takes 7-10 days - Broward County Technical Bulletin, Docks/Seawalls, Apr 2025 | State :: Restoring a seawall at its previous location, upland of it, or within 18 inches waterward is exempt from a state environmental resource permit - s. 403.813(1)(e), F.S. The exemption does not remove the need for permission to use state-owned submerged lands or for county and city requirements - s. 403.813(1), F.S. (opening paragraph) | Federal :: A U.S. Army Corps of Engineers (Department of the Army) authorization is required for structures or work in or affecting navigable waters, unless exempt or covered by a nationwide or regional general permit - 33 CFR 322.3(a) (Rivers and Harbors Act s. 10)","Sea Ranch Lakes LDC Sec. 6.01.06 (Ord. 2021-02); Broward County Code Ch. 27 Art. XI Secs. 27-333, 27-336 (Supp. 72); s. 403.813(1)(e), F.S. (2026); 33 CFR 322.3(a)",https://searanchlakesfl.org/wp-content/uploads/2024/10/6.01.06.___Walls__Fences__Hedges__and_Seawalls.-2.pdf,2026-10,needs-review,"Issuing department/building official for the town not confirmed from an official page - left out. 6.01.06(C)(2)(b) arises in the disrepair context. Broward County layer: Sec. 27-336 item letters (b., n., o.) read from Municode API text of Supp. 72; parent paragraph number (a)(1) inferred from the HTML structure - confirm. Code names the department PWESD; the Apr 2025 Technical Bulletin is issued by the Resilient Environment Department. State: FAC 62-330.051 (implements 403.813(1)) not read - the .doc would not render. Federal: specific Nationwide Permit numbers not cited; 2026 NWPs took effect 15 Mar 2026 (Fed. Reg. 8 Jan 2026). "
key-west,seawall-permit,Yes,city building permit,"Yes, Key West requires a building permit for any work valued over $1,000, and its code says bulkheads along the shoreline are installed under a permit from the building official. City rules discourage vertical seawalls and favor riprap, so expect shoreline review.","City :: Permit needed for 'any work or construction of any kind' valued over $1,000 - City Permits page. Bulkheads, piers and docks along the shoreline installed under permit from the building official - Code Sec. 118-361. The city requests jurisdictional determinations from appropriate agencies before issuing building permits - Sec. 110-190. Shoreline hardening allowed only where erosion is a critical peril and vegetation has failed; riprap first; generally not vertical seawalls - Sec. 110-182 | County :: No separate Monroe County environmental license identified for work inside city limits; the city's own code and building department govern | State :: Restoring a seawall at its previous location, upland of it, or within 18 inches waterward is exempt from a state environmental resource permit - s. 403.813(1)(e), F.S. The exemption does not remove the need for permission to use state-owned submerged lands or for county and city requirements - s. 403.813(1), F.S. (opening paragraph) | Federal :: A U.S. Army Corps of Engineers (Department of the Army) authorization is required for structures or work in or affecting navigable waters, unless exempt or covered by a nationwide or regional general permit - 33 CFR 322.3(a) (Rivers and Harbors Act s. 10)","Key West Code Secs. 110-182, 110-190, 118-361; s. 403.813(1)(e), F.S.; 33 CFR 322.3(a)",https://www.cityofkeywest-fl.gov/220/Permits,2026-10,needs-review,Sec. 118-361 sits in Ch. 118 Subdivisions (required improvements) and may be aimed at subdivisions. Sec. 110-192(a)(1) exempts 'minor maintenance or emergency repair to existing structures' from the Art. IV coastal rules - how this applies to seawall repair not confirmed. No seawall checklist found. County layer statement is a negative finding. State: Florida Keys waters - check whether the site is Outstanding Florida Waters; the 403.813(1)(e) text has no OFW carve-out. FAC 62-330.051 not read. Federal: specific NWP numbers not cited. 
marathon,seawall-permit,Yes,city permit; state/federal approvals first,"Yes, Marathon requires a city permit for bulkheads and seawalls, and the applicant must have all federal, state and water management district approvals before starting. Replacing a deteriorated wall is allowed, but no new vertical seawalls on open water, and the city biologist decides if riprap would do.","City :: Applicants 'must obtain all necessary federal, state and water management district approvals and a permit from the City prior to initiating' bulkhead, seawall and riprap work, which must meet Sec. 106.36 Hardened Shorelines - LDR Sec. 106.38. Seawalls allowed when replacing an existing deteriorated bulkhead or seawall; no new vertical seawalls on open water shorelines; hardening only where riprap will not suffice as determined by the City Biologist - Sec. 106.36. Seawalls and revetments planned and designed by a professional engineer - Sec. 104.64 | County :: No separate Monroe County environmental license identified for work inside city limits; the city's own code and building department govern | State :: Restoring a seawall at its previous location, upland of it, or within 18 inches waterward is exempt from a state environmental resource permit - s. 403.813(1)(e), F.S. The exemption does not remove the need for permission to use state-owned submerged lands or for county and city requirements - s. 403.813(1), F.S. (opening paragraph) | Federal :: A U.S. Army Corps of Engineers (Department of the Army) authorization is required for structures or work in or affecting navigable waters, unless exempt or covered by a nationwide or regional general permit - 33 CFR 322.3(a) (Rivers and Harbors Act s. 10)","Marathon LDR Secs. 104.64, 106.36, 106.38, 108.20; s. 403.813(1)(e), F.S.; 33 CFR 322.3(a)",https://marathon.municipalcodeonline.com/book?type=ordinances#name=Sec_106.38_Allowable_Activities,2026-10,needs-review,"Subsection lettering (106.36H etc.) not confirmed - print view numbers them. Sec. 108.20(B): repairs/replacements of nonconforming vertical seawalls on open water must keep the existing footprint and are allowed only if riprap with filter cloth is not feasible. Issuing department (Building Department) taken from city site, not the code. State: Florida Keys waters - check whether the site is Outstanding Florida Waters; the 403.813(1)(e) text has no OFW carve-out. FAC 62-330.051 not read. Federal: specific NWP numbers not cited. "
islamorada,seawall-permit,Yes,village building permit,"Yes, Islamorada says a village permit is always required for structural work. Deteriorated seawalls may be repaired or replaced but must keep the existing footprint as far as practicable, and the village may require riprap with native plants.","City :: Village permit 'always required' for 'All structural work' - Village handout 'Is a Village Permit Required'. Deteriorated lawfully existing seawalls, bulkheads or riprap may be repaired and/or replaced but must maintain the existing footprint to the maximum extent practicable; bulkheads only if riprap with filter cloth and native vegetation is not feasible as determined by the director - Code Sec. 30-1545 | County :: No separate Monroe County environmental license identified for work inside city limits; the city's own code and building department govern | State :: Restoring a seawall at its previous location, upland of it, or within 18 inches waterward is exempt from a state environmental resource permit - s. 403.813(1)(e), F.S. The exemption does not remove the need for permission to use state-owned submerged lands or for county and city requirements - s. 403.813(1), F.S. (opening paragraph) | Federal :: A U.S. Army Corps of Engineers (Department of the Army) authorization is required for structures or work in or affecting navigable waters, unless exempt or covered by a nationwide or regional general permit - 33 CFR 322.3(a) (Rivers and Harbors Act s. 10)","Islamorada Village Code Sec. 30-1545; Village permit handout; s. 403.813(1)(e), F.S.; 33 CFR 322.3(a)","https://islamorada.municipalcodeonline.com/book?type=ordinances#name=Sec_30-1545_Bulkheads,_Seawalls_Or_Riprap",2026-10,needs-review,Handout does not name seawalls. No village section found requiring state/federal approval before the seawall permit. Subsection lettering of 30-1545 not confirmed. State: Florida Keys waters - check whether the site is Outstanding Florida Waters; the 403.813(1)(e) text has no OFW carve-out. FAC 62-330.051 not read. Federal: specific NWP numbers not cited. 
key-colony-beach,seawall-permit,"Yes, after state and federal approvals",city building permit,"Yes, Key Colony Beach requires a city building permit before any seawall work, and the city issues it only after you have the required Army Corps, Florida DEP or other state and federal approvals. Seawalls there must be vertical; sloping walls are prohibited.","City :: 'A city-issued building permit shall be required prior to commencement of any construction on required seawall' - Code Sec. 5-30(a); permits issued 'only after the applicant obtains required approval from the Army Corps of Engineers, the Florida Department of Environmental Protection or any other required state and/or federal agencies' - Sec. 5-30(b). Seawall permit from the city building official - Sec. 5-60. Sloping seawalls prohibited - Sec. 5-54 | County :: No separate Monroe County environmental license identified for work inside city limits; the city's own code and building department govern | State :: Restoring a seawall at its previous location, upland of it, or within 18 inches waterward is exempt from a state environmental resource permit - s. 403.813(1)(e), F.S. The exemption does not remove the need for permission to use state-owned submerged lands or for county and city requirements - s. 403.813(1), F.S. (opening paragraph) | Federal :: A U.S. Army Corps of Engineers (Department of the Army) authorization is required for structures or work in or affecting navigable waters, unless exempt or covered by a nationwide or regional general permit - 33 CFR 322.3(a) (Rivers and Harbors Act s. 10)","Key Colony Beach Code Secs. 5-30, 5-54, 5-60; s. 403.813(1)(e), F.S.; 33 CFR 322.3(a)",https://library.municode.com/fl/key_colony_beach/codes/code_of_ordinances?nodeId=PTIICOOR_CH5BOBOTRMAFAWA_ARTIIIMACOIMDOBO_DIV2SEOTERCO_S5-30SECOREPE,2026-10,needs-review,An FDEP exemption under 403.813(1)(e) may satisfy the 'required approval' in Sec. 5-30(b) - how the city treats exemptions not confirmed. LDR Sec. 101-76(3) (substantial reconstruction needs USACE and DEP approval) seen as a snippet only. City 'Seawall Owners Manual' PDF not read. Library URL built from the API node id. State: Florida Keys waters - check whether the site is Outstanding Florida Waters; the 403.813(1)(e) text has no OFW carve-out. FAC 62-330.051 not read. Federal: specific NWP numbers not cited. 
key-largo,seawall-permit,Yes,county building permit,"Yes. In unincorporated Monroe County you need a separate county building permit for a seawall. A deteriorated seawall can be repaired or replaced but must keep its existing footprint as far as practicable, and no new seawalls are allowed on open water.","City :: Unincorporated - Monroe County Building Department. 'A separate permit shall be required for each principal structure and any dock, seawall, and riprap accessory structure' - Monroe County Code Sec. 6-100. Lawfully existing, deteriorated seawalls and bulkheads may be repaired and/or replaced and are exempt from the nonsubstantial-improvement limits (except on sea turtle nesting beaches); repairs/replacements must maintain the existing footprint to the maximum extent practicable - LDC Sec. 118-12(k)(4). No new seawalls, bulkheads or other hardened vertical structures on open water - LDC Sec. 118-12(k) | County :: The county is the local government here; its Land Development Code shoreline rules (LDC Ch. 118) are applied through the county permit | State :: Restoring a seawall at its previous location, upland of it, or within 18 inches waterward is exempt from a state environmental resource permit - s. 403.813(1)(e), F.S. The exemption does not remove the need for permission to use state-owned submerged lands or for county and city requirements - s. 403.813(1), F.S. (opening paragraph) | Federal :: A U.S. Army Corps of Engineers (Department of the Army) authorization is required for structures or work in or affecting navigable waters, unless exempt or covered by a nationwide or regional general permit - 33 CFR 322.3(a) (Rivers and Harbors Act s. 10)","Monroe County Code Sec. 6-100; Monroe County LDC Sec. 118-12(k) (Supp. 17); s. 403.813(1)(e), F.S.; 33 CFR 322.3(a)",https://library.municode.com/fl/monroe_county/codes/code_of_ordinances?nodeId=CH6BUCO_ARTIIBUCO_DIV3PEINCEOC_SDIIPE_S6-100PERE,2026-10,needs-review,"Unincorporated: governed by Monroe County. Sec. 6-100 and 118-12(k)(4) text from Municode search snippets (full 118-12 truncated by the API); the '(4)' marker and the open-water sentence's exact item number not confirmed. Do NOT state that the county requires FDEP/USACE approval before a seawall permit: the 'Notice to Proceed' clause in Sec. 118-12 read by the lead applies to beach berm/shoreline stabilization projects, not seawalls generally. No county seawall checklist or biologist-review rule found. State: Florida Keys waters - check whether the site is Outstanding Florida Waters; the 403.813(1)(e) text has no OFW carve-out. FAC 62-330.051 not read. Federal: specific NWP numbers not cited. "
big-pine-key,seawall-permit,Yes,county building permit,"Yes. In unincorporated Monroe County you need a separate county building permit for a seawall. A deteriorated seawall can be repaired or replaced but must keep its existing footprint as far as practicable, and no new seawalls are allowed on open water.","City :: Unincorporated - Monroe County Building Department. 'A separate permit shall be required for each principal structure and any dock, seawall, and riprap accessory structure' - Monroe County Code Sec. 6-100. Lawfully existing, deteriorated seawalls and bulkheads may be repaired and/or replaced and are exempt from the nonsubstantial-improvement limits (except on sea turtle nesting beaches); repairs/replacements must maintain the existing footprint to the maximum extent practicable - LDC Sec. 118-12(k)(4). No new seawalls, bulkheads or other hardened vertical structures on open water - LDC Sec. 118-12(k) | County :: The county is the local government here; its Land Development Code shoreline rules (LDC Ch. 118) are applied through the county permit | State :: Restoring a seawall at its previous location, upland of it, or within 18 inches waterward is exempt from a state environmental resource permit - s. 403.813(1)(e), F.S. The exemption does not remove the need for permission to use state-owned submerged lands or for county and city requirements - s. 403.813(1), F.S. (opening paragraph) | Federal :: A U.S. Army Corps of Engineers (Department of the Army) authorization is required for structures or work in or affecting navigable waters, unless exempt or covered by a nationwide or regional general permit - 33 CFR 322.3(a) (Rivers and Harbors Act s. 10)","Monroe County Code Sec. 6-100; Monroe County LDC Sec. 118-12(k) (Supp. 17); s. 403.813(1)(e), F.S.; 33 CFR 322.3(a)",https://library.municode.com/fl/monroe_county/codes/code_of_ordinances?nodeId=CH6BUCO_ARTIIBUCO_DIV3PEINCEOC_SDIIPE_S6-100PERE,2026-10,needs-review,"Unincorporated: governed by Monroe County. Sec. 6-100 and 118-12(k)(4) text from Municode search snippets (full 118-12 truncated by the API); the '(4)' marker and the open-water sentence's exact item number not confirmed. Do NOT state that the county requires FDEP/USACE approval before a seawall permit: the 'Notice to Proceed' clause in Sec. 118-12 read by the lead applies to beach berm/shoreline stabilization projects, not seawalls generally. No county seawall checklist or biologist-review rule found. State: Florida Keys waters - check whether the site is Outstanding Florida Waters; the 403.813(1)(e) text has no OFW carve-out. FAC 62-330.051 not read. Federal: specific NWP numbers not cited. "
tavernier,seawall-permit,Yes,county building permit,"Yes. In unincorporated Monroe County you need a separate county building permit for a seawall. A deteriorated seawall can be repaired or replaced but must keep its existing footprint as far as practicable, and no new seawalls are allowed on open water.","City :: Unincorporated - Monroe County Building Department. 'A separate permit shall be required for each principal structure and any dock, seawall, and riprap accessory structure' - Monroe County Code Sec. 6-100. Lawfully existing, deteriorated seawalls and bulkheads may be repaired and/or replaced and are exempt from the nonsubstantial-improvement limits (except on sea turtle nesting beaches); repairs/replacements must maintain the existing footprint to the maximum extent practicable - LDC Sec. 118-12(k)(4). No new seawalls, bulkheads or other hardened vertical structures on open water - LDC Sec. 118-12(k) | County :: The county is the local government here; its Land Development Code shoreline rules (LDC Ch. 118) are applied through the county permit | State :: Restoring a seawall at its previous location, upland of it, or within 18 inches waterward is exempt from a state environmental resource permit - s. 403.813(1)(e), F.S. The exemption does not remove the need for permission to use state-owned submerged lands or for county and city requirements - s. 403.813(1), F.S. (opening paragraph) | Federal :: A U.S. Army Corps of Engineers (Department of the Army) authorization is required for structures or work in or affecting navigable waters, unless exempt or covered by a nationwide or regional general permit - 33 CFR 322.3(a) (Rivers and Harbors Act s. 10)","Monroe County Code Sec. 6-100; Monroe County LDC Sec. 118-12(k) (Supp. 17); s. 403.813(1)(e), F.S.; 33 CFR 322.3(a)",https://library.municode.com/fl/monroe_county/codes/code_of_ordinances?nodeId=CH6BUCO_ARTIIBUCO_DIV3PEINCEOC_SDIIPE_S6-100PERE,2026-10,needs-review,"Unincorporated: governed by Monroe County. Sec. 6-100 and 118-12(k)(4) text from Municode search snippets (full 118-12 truncated by the API); the '(4)' marker and the open-water sentence's exact item number not confirmed. Do NOT state that the county requires FDEP/USACE approval before a seawall permit: the 'Notice to Proceed' clause in Sec. 118-12 read by the lead applies to beach berm/shoreline stabilization projects, not seawalls generally. No county seawall checklist or biologist-review rule found. State: Florida Keys waters - check whether the site is Outstanding Florida Waters; the 403.813(1)(e) text has no OFW carve-out. FAC 62-330.051 not read. Federal: specific NWP numbers not cited. "
cudjoe-key,seawall-permit,Yes,county building permit,"Yes. In unincorporated Monroe County you need a separate county building permit for a seawall. A deteriorated seawall can be repaired or replaced but must keep its existing footprint as far as practicable, and no new seawalls are allowed on open water.","City :: Unincorporated - Monroe County Building Department. 'A separate permit shall be required for each principal structure and any dock, seawall, and riprap accessory structure' - Monroe County Code Sec. 6-100. Lawfully existing, deteriorated seawalls and bulkheads may be repaired and/or replaced and are exempt from the nonsubstantial-improvement limits (except on sea turtle nesting beaches); repairs/replacements must maintain the existing footprint to the maximum extent practicable - LDC Sec. 118-12(k)(4). No new seawalls, bulkheads or other hardened vertical structures on open water - LDC Sec. 118-12(k) | County :: The county is the local government here; its Land Development Code shoreline rules (LDC Ch. 118) are applied through the county permit | State :: Restoring a seawall at its previous location, upland of it, or within 18 inches waterward is exempt from a state environmental resource permit - s. 403.813(1)(e), F.S. The exemption does not remove the need for permission to use state-owned submerged lands or for county and city requirements - s. 403.813(1), F.S. (opening paragraph) | Federal :: A U.S. Army Corps of Engineers (Department of the Army) authorization is required for structures or work in or affecting navigable waters, unless exempt or covered by a nationwide or regional general permit - 33 CFR 322.3(a) (Rivers and Harbors Act s. 10)","Monroe County Code Sec. 6-100; Monroe County LDC Sec. 118-12(k) (Supp. 17); s. 403.813(1)(e), F.S.; 33 CFR 322.3(a)",https://library.municode.com/fl/monroe_county/codes/code_of_ordinances?nodeId=CH6BUCO_ARTIIBUCO_DIV3PEINCEOC_SDIIPE_S6-100PERE,2026-10,needs-review,"Unincorporated: governed by Monroe County. Sec. 6-100 and 118-12(k)(4) text from Municode search snippets (full 118-12 truncated by the API); the '(4)' marker and the open-water sentence's exact item number not confirmed. Do NOT state that the county requires FDEP/USACE approval before a seawall permit: the 'Notice to Proceed' clause in Sec. 118-12 read by the lead applies to beach berm/shoreline stabilization projects, not seawalls generally. No county seawall checklist or biologist-review rule found. State: Florida Keys waters - check whether the site is Outstanding Florida Waters; the 403.813(1)(e) text has no OFW carve-out. FAC 62-330.051 not read. Federal: specific NWP numbers not cited. "
