citySlug,topicSlug,headline_answer,unit,qualifier,detail_rows,source,source_url,verified_date,status,notes,vet_note
fort-lauderdale,storm-prep,Boat owner's job,no citywide boat-removal order,"Fort Lauderdale's code puts storm protection of a boat on its owner: a vessel at a municipal dock space must be protected by its owner once a hurricane warning is issued for Broward County. Boarding up openings for hurricane preparation during a watch or warning is carved out of the boarding-certificate rules, and a tidal flood barrier left in disrepair after a storm is a citable offence with fixed repair deadlines.",City dock space :: It is the responsibility of the owner of a vessel moored at any municipal dock space to protect the vessel upon the issuance of a hurricane warning for Broward County - Code Sec. 8-120 (Ord. C-91-69) | Boarding up :: Weather and hurricane preparation when a hurricane or tropical storm watch or warning has been issued by the National Weather Service is listed as an exception to the boarding-certificate requirement - Code Sec. 18-9(b) | Damaged seawall :: All property owners shall maintain a tidal flood barrier in good repair; one that lets tidal water flow unimpeded through it onto a neighbour or the right-of-way is presumed in disrepair. It is a citable offence: show progress within sixty (60) days of the citation and complete repairs within three hundred sixty-five (365) days - ULDR Sec. 47-19.13.D.2,"City of Fort Lauderdale Code of Ordinances Secs. 8-120, 18-9; ULDR Sec. 47-19.13 (Municode)",https://library.municode.com/fl/fort_lauderdale/codes/code_of_ordinances?nodeId=COOR_CH8BODOBEWA_ARTIVDOBOSLET_DIV2MUDO_S8-120HUPR,2026-10,verified,"No city code section found on construction-site securing during hurricane watches/warnings, post-storm debris collection, or emergency repair permits; city web pages on debris not reviewed. ULDR 47-19.13 node UNLADERE_CH47UNLADERE_ARTIIIDERE_S47-19ACUSBUST_S47-19.13RESTTIFLPR (product unified_land_development_code).",Second read 3 Oct 2026: every quoted clause re-opened on Municode (current job) and matched.
miami-beach,storm-prep,40% off,minor-repair permit fee after a hurricane,"Miami Beach's fee schedule cuts the permit fee for minor repairs under $20,000 by 40% for three months after a hurricane event, though not for railing repairs, and repairs must be of substantially similar design. A seawall in disrepair is a citable offence: show progress in 60 days, file with the city and Miami-Dade DERM within six months, and finish substantial work within 730 days.","Post-hurricane fee cut :: Due to hurricane events, fees for minor repairs under a total value of $20,000.00 are reduced by 40% for three months from the hurricane event to pull the permit; it does not apply to permits for railing repairs, and all repairs must be of a substantially similar design, quality and appearance - Code Appendix A, Fee Schedule (fee in Sec. 14-62(c)) | Seawall duty :: All property owners must maintain seawalls, bulkheads, living shorelines and other shoreline protection in good repair; a wall is presumed in disrepair if it allows upland erosion, transfer of material through the wall, or tidal water to flow through or over it to the upland property or right-of-way - Sec. 54-63(a) | Repair clock :: After a notice of violation: demonstrate progress within 60 days (proposals, financing or permit applications count), submit permit applications to the Miami Beach Building Department and Miami-Dade RER (DERM) within six months, and where the substantial-improvement threshold is met, design, permit and build the improvements within 730 days of the citation - Sec. 54-63(a)","City of Miami Beach Code of Ordinances Appendix A (Fee Schedule), Sec. 54-63 (Municode)",https://library.municode.com/fl/miami_beach/codes/code_of_ordinances?nodeId=APXAFESC,2026-10,verified,"Sec. 54-63 node SPAGEOR_CH54FL_ARTIIIRESTTIFLPR_S54-63... (Code of Ordinances product 13097). Dropped: portable storage removal on hurricane watch (Sec. 142-1110(f)) because it sits in the PREVIOUS land development regulations product (Ord. 89-2665), not the current Resiliency Code. No vessel/marina hurricane rule or construction-site rule found in the code.",Second read 3 Oct 2026: every quoted clause re-opened on Municode (current job) and matched. The code text spells 'Miami-Date County RER (DERM)'; row uses the correct name.
boca-raton,storm-prep,Next business day,to apply after emergency repairs,"Boca Raton lets emergency repairs go ahead first, but the permit application must reach the building official before the close of business of the next business day. On a hurricane warning, construction sites must remove or tie down debris and materials, and owners may board up non-impact openings without a permit if the panels come down within 10 days.","Emergency repairs :: Where equipment replacements and repairs must be performed in an emergency situation, the permit application shall be submitted to the building official before the close of business of the next business day - Code Sec. 19-68 (Ord. 5455). State baseline for comparison: Florida Building Code 8th Ed. (2023) [A]105.2.1 says within the next working business day | Construction sites :: Upon declaration of a hurricane warning, all solid waste stored on a construction site must be removed and disposed of or secured so it cannot become wind-borne debris; alternatively, construction materials must be tied, banded or placed in secured containers on the ground. 'Secured' means a protective covering or netting adequately sized and fastened on the ground - Sec. 19-170 | Plywood without a permit :: On a hurricane warning, owners of existing buildings with non-impact openings may temporarily install wood structural panels without a building permit; no later than 10 days after the warning expires, all temporary panels must be removed - Sec. 19-100 (Ord. 5512, 1-28-20) | Storm debris :: When a state of local emergency is declared, the city may modify solid waste collection, including collection of storm debris, and may remove storm debris in private developments where that is in the public interest (immediate threats to life or property, economic recovery, or removing substantially damaged structures) - Sec. 14-18","City of Boca Raton Code of Ordinances Secs. 14-18, 19-68, 19-100, 19-170 (Municode); Florida Building Code, Building, 8th Ed. (2023) s. 105.2.1 (ICC codes.iccsafe.org)",https://library.municode.com/fl/boca_raton/codes/code_of_ordinances?nodeId=VOII_CH19BURE_ARTIVINCORE_DIV2CORE_S19-170SIDECOMASTUPDEHUWA,2026-10,verified,Other nodes: 19-68 VOII_CH19BURE_ARTIIIPEPNSACFE_DIV1PE_S19-68EMRE; 19-100 VOII_CH19BURE_ARTIIIPEPNSACFE_DIV1PE_S19-100TEOPPRDUHUWA; 14-18 PTIICOOR_CH14SOWA_S14-18CODUDEEM. FBC 105.2.1 read in the 2023 (8th Ed.) Building volume on codes.iccsafe.org; whether a 9th Ed. has taken effect by Oct 2026 was not confirmed. No vessel or seawall-maintenance storm rule found.,Second read 3 Oct 2026: every quoted clause re-opened on Municode (current job) and matched.
pompano-beach,storm-prep,,,,,,,2026-10,needs-review,"Code is on American Legal Publishing (codelibrary.amlegal.com, S-122, current through Ord. 2026-35); its search could not be queried in this session. Chapter 151 Beaches and Waterways was scanned in full and contains no hurricane/storm text. Needs a manual search of Chapters 150-155 and the zoning code.",Not published: no current primary code text confirmed
hollywood,storm-prep,,,,,,,2026-10,needs-review,"Code is on American Legal Publishing; search not queryable in this session, so no storm/vessel/debris sections were confirmed.",Not published: no current primary code text confirmed
key-west,storm-prep,,,,,,,2026-10,needs-review,"Code search found building hurricane construction standards (Sec. 14-39) and fee schedule only; no vessel, seawall or debris storm rule. City marina/harbor policies and city hurricane web pages not reviewed.",Not published: nothing city-specific enough to verify
delray-beach,storm-prep,60 / 365 days,to show progress / finish a cited seawall,"Delray Beach makes failing to maintain or repair a needed seawall a public nuisance, with 60 days to show progress and 365 days to finish after notice. Before each hurricane season owners must inspect their land and fix hazards; during a warning or alert, construction materials must be tied down, and in single-family districts dumpsters must be emptied and roof tiles strapped or removed. The city will not collect construction or demolition debris.","Seawall nuisance :: It is unlawful and a public nuisance to fail to erect, maintain or repair a seawall where a body of water requires one - necessary when the lack or condition of the wall endangers safety, navigability or swimming, allows upland erosion or transfer of material, or lets tidal water reach neighbours or the right-of-way. Show progress within sixty (60) days of notice and complete within three hundred sixty-five (365) days - Code Sec. 100.04 (Ord. 22-21) | Before the season :: Each year, prior to hurricane season, property owners shall inspect their properties and correct conditions that may be a hazard in hurricane winds; debris or vegetation that creates such a hazard is a nuisance - Sec. 100.02. Civil penalty: $250 uncontested, $325 contested - Sec. 37.39 | Warning or alert :: Construction materials and equipment shall be secured against displacement by wind - by guying and shoring and tying down loose materials, equipment and construction sheds - and loose outdoor objects lashed or stored - LDR Sec. 7.1.4(D)(1) | Single-family sites :: In the event of tropical storm or hurricane warnings the applicant/owner shall empty all dumpsters, remove or secure loose construction debris, materials and port-o-lets, and strap or remove all roof tiles - LDR Sec. 4.4.3(I)(5) | Not collected :: Building materials from construction, alteration or demolition will not be collected under the city's residential service; removal is the contractor's or installer's responsibility. Debris from minor do-it-yourself repairs is collected if bundled, with lumber no longer than four (4) feet and without nails - Sec. 51.20","City of Delray Beach Code of Ordinances Secs. 37.39, 51.20, 100.02, 100.04; Land Development Regulations Secs. 4.4.3, 7.1.4 (Municode)",https://library.municode.com/fl/delray_beach/codes/code_of_ordinances?nodeId=CD_ORD_TIT9GERE_CH100NU_GEPR_S100.04SE,2026-10,verified,LDR nodes (product land_development_regulations): CH7BURE_ART7.1BURE_S7.1.4BUPRMAHUPR; CH4ZORE_ART4.4BAZODI_S4.4.3SIFAREDI. Code nodes: 100.02 CD_ORD_TIT9GERE_CH100NU_GEPR_S100.02HULABEKEFRDEVELI; 51.20 CD_ORD_TIT5PUWO_CH51GATR_COSERE_S51.20BUMA. No vessel-specific hurricane rule found.,Second read 3 Oct 2026: every quoted clause re-opened on Municode (current job) and matched.
jupiter,storm-prep,,,,,,,2026-10,needs-review,"Municode search for hurricane/vessel/debris/seawall/emergency repair returned no storm-prep rule for waterfront owners (only beach erosion, fertilizer, comm towers, Sec. 13-11 suspension of tree rules).",Not published: nothing city-specific enough to verify
coral-gables,storm-prep,24 hours,before predicted landfall to moor in city waterways,"Coral Gables makes boat owners responsible for securing their boats before a hurricane; boats using the city waterway for refuge must be securely moored no later than 24 hours before the officially predicted approach, and any damage from those moorings - including removal or salvage - is the boat owner's liability. Disaster debris on private property is the owner's responsibility, and tying a boat to someone else's dock or seawall without consent is unlawful.","Mooring for refuge :: Boats or watercraft using the city waterway for refuge will be securely moored not later than 24 hours prior to the officially predicted approach of a hurricane, with adequate equipment and safeguards; no such mooring constitutes official approval by the city - Code Sec. 86-87(b)(1)-(2) | Liability :: Damages to boats, property or persons flowing from hurricane moorings in the city waterway are the personal responsibility of the boat owner, including removal or salvage of the boat - Sec. 86-87(b)(3) | Someone else's dock :: It is unlawful to moor or tie a boat at a dock, piling or seawall of a property without the consent of the owner or person in control of the premises - Sec. 86-87(c) | Private-property debris :: Disaster-generated debris on private roads and private property is the responsibility of the property owner, who must rely heavily on private contractors; the city may remove it only on a declared immediate threat with right-of-entry and hold-harmless documentation, limited to living, recreational and working areas - Sec. 27-8 (Ord. 2017-42) | Shutters after the storm :: An occupied structure whose storm shutters have not been removed from the required means of escape after a hurricane watch or warning has expired is an unsafe structure - Sec. 105-89(7)","City of Coral Gables Code of Ordinances Secs. 27-8, 86-87, 105-89 (Municode)",https://library.municode.com/fl/coral_gables/codes/code_of_ordinances?nodeId=PTIICOOR_CH86WA_ARTIIVEWASA_DIV3OCWARE_S86-87HUPRRE,2026-10,verified,Other nodes: 27-8 PTIICOOR_CH27STEMOR_S27-8DINEDEREPRROPRPR; 105-89 SPBLADERE_CH105BUBURE_ARTIIIUNST_S105-89PHCRUNST. No construction-site or seawall-maintenance storm rule found in this search.,Second read 3 Oct 2026: every quoted clause re-opened on Municode (current job) and matched.
key-biscayne,storm-prep,Before the warning,landscape debris must be gone,"Key Biscayne bans putting yard waste on or within ten feet of the right-of-way once a hurricane watch is issued, unless the Village Manager instructs otherwise in writing. Debris can sit on your own swale only for a licensed private hauler, and only if pickup is finished before a hurricane warning is issued, at the owner's cost.","Hurricane watch :: Once an official hurricane watch is issued by the National Weather Service for an area including the Village, no person shall place yard waste - clippings, trees, palm fronds, leaves, branches - on any portion of the public right-of-way or within ten feet of it, unless instructed in writing by the Village Manager - Code Sec. 8-301(a) | Private hauler exception :: Temporary placement on the swale beside the parcel that produced it is allowed for pickup by a licensed private hauler, so long as pickup and removal is fully accomplished before the National Weather Service issues an official hurricane warning and at the private property owner's sole cost - Sec. 8-301(a) | New homes :: Exotic vegetation listed in Exhibit A must be removed before a building permit is issued for a new single-family or duplex residence - Sec. 8-301(b)","Village of Key Biscayne Code of Ordinances Sec. 8-301, Article V Hurricane Protection Measures (Municode)",https://library.municode.com/fl/key_biscayne/codes/code_of_ordinances?nodeId=PTICO_CH8EN_ARTVHUPRME_S8-301PRSTDA,2026-10,verified,"No vessel, construction-site, emergency-permit or seawall-maintenance storm rule found in the Village code search.",Second read 3 Oct 2026: every quoted clause re-opened on Municode (current job) and matched.
lighthouse-point,storm-prep,,,,,,,2026-10,needs-review,"Municode copy is stale (Supp. 21, codified through Ord. 2018-0966). The city's Code Rewrite (Parts 1-2) is published as MuniDocs PDFs and was not read. Stale 2018 text (e.g., Sec. 14-9 shutters) not used.",Not published: no current primary code text confirmed
deerfield-beach,storm-prep,Right of entry first,before the city clears private-property debris,"Deerfield Beach clears disaster debris from public and private rights-of-way, and gated communities must give the city access during a declared emergency, but the city will not enter private property to remove debris until the owner signs a disaster debris removal agreement holding the federal government, state and city harmless. Tidal flood barriers must be kept in good repair, with 60 and 365 days to act after notice.","Rights-of-way :: The city, through its contract agents, will clear disaster-generated debris from public and private rights-of-way; communities with private rights-of-way, gated or not, must allow the city unlimited access during a state of emergency - Code Sec. 30-30(a)-(b) | Private property :: The city has no responsibility to enter and remove event-generated debris from private property until the owner grants the right to enter and signs an agreement to indemnify, defend and hold harmless the federal government, the State and the city - Sec. 30-33 | Derelict vessels :: During an emergency the city manager may authorize removal of derelict vessels under state law and with the Florida Fish and Wildlife Conservation Commission - Sec. 30-29(14) | Boat repairs at the dock :: Boat repair is allowed only at licensed facilities in the B-3 and I-2 districts, but minor emergency repairs may be made for the shortest time necessary - Sec. 98-87(d)(1)p | Seawall clock :: Owners must maintain a tidal flood barrier in good repair; show progress within 60 days after notice and complete repairs within 365 days - Sec. 98-87","City of Deerfield Beach Code of Ordinances Secs. 30-29, 30-30, 30-33, 98-87 (Municode)",https://library.municode.com/fl/deerfield_beach/codes/code_of_ordinances?nodeId=PTIICOOR_CH30EMSE_ARTIICIEM_S30-30ACEMREDINEDERE,2026-10,verified,Other nodes: 30-33 PTIICOOR_CH30EMSE_ARTIICIEM_S30-33HOHAAG; 30-29 PTIICOOR_CH30EMSE_ARTIICIEM_S30-29CLDEPOMADUEMDI; 98-87 SPBLADECO_CH98LADERE_ARTIVSURE_S98-87DOMOFA (Land Development Code product). No construction-site storm rule found.,Second read 3 Oct 2026: every quoted clause re-opened on Municode (current job) and matched.
dania-beach,storm-prep,Tie it down,"loose lumber, trash and materials on a hurricane advisory","Dania Beach requires every lot owner, occupied or not, to securely tie down loose lumber, trash and other materials once a hurricane advisory is issued for the Broward County area. Commercial construction sites must take down wind screening on a hurricane warning and put it back within ten days. A cited tidal flood barrier must show progress in 60 days and be repaired within 365.","Every lot :: Upon an advisory alerting the Broward County area to a hurricane condition, every owner of any lot, tract or parcel, occupied as well as unoccupied, shall securely tie down all loose lumber, trash and other materials on the property - Code Sec. 17-8 | Commercial job sites :: Wind barrier or screening and fence covering materials on commercial properties under construction shall be removed on a hurricane warning applicable to the city and reinstalled not more than ten (10) days after the threat has ended - Sec. 8-7(4) | Seawall clock :: Failure to maintain a tidal flood barrier in good repair is a citable offence; show progress within sixty (60) days and complete repairs within three hundred sixty-five (365) days after the citation - Sec. 12-87(b) | Substantial repairs :: Where the repair meets the substantial repair or rehabilitation threshold, the owner must design, obtain permits, build and obtain final inspection approval within three hundred sixty-five (365) days of the citation - Sec. 12-87(b) | Fence timing :: Construction fences and coverings go up no later than issuance of the building permit and come down when the certificate of occupancy is received - Sec. 8-7(5); see also Sec. 13-28 on storing waste likely to be blown about","City of Dania Beach Code of Ordinances Secs. 8-7, 12-87, 17-8 (Municode)",https://library.municode.com/fl/dania_beach/codes/code_of_ordinances?nodeId=PTIICOOR_CH17OFIS_ARTIINGE_S17-8HUPR,2026-10,verified,"Other nodes: 8-7 PTIICOOR_CH8BU_ARTIINGE_S8-7FERECOPRUNCO; 12-87 PTIICOOR_CH12FLDAPR_ARTXVIISE_S12-87MIELCOINWITIINAR. Sec. 22-11 'emergency repairs' covers utilities in rights-of-way only, so not used. No vessel rule found.",Second read 3 Oct 2026: every quoted clause re-opened on Municode (current job) and matched.
hallandale-beach,storm-prep,Before you leave,seasonal residents must secure loose objects,"Hallandale Beach requires owners and occupants with a balcony, open terrace or unenclosed yard to remove or secure loose objects when a hurricane watch is issued - and anyone leaving the city for more than seven days between June 1 and November 30 must do it before they go. A cited tidal flood barrier must show progress within 60 days and be repaired within 365.","Hurricane watch :: Any owner or occupant of a building with a balcony, open terrace or unenclosed yard must remove or secure all loose objects in the open area when a hurricane watch advisory is issued by the National Hurricane Center - Code Sec. 8-1(a) | Away for the season :: Seasonal residents or anyone absent more than seven days during the June 1 to November 30 hurricane season must remove or secure those objects before leaving - Sec. 8-1(b) | Seawall clock :: Failure to maintain a tidal flood barrier in good repair is a citable offence; progress within 60 days and repairs complete within 365 days of the citation - Sec. 8-90(b) | Boat trailers :: Hurricane blocking and anchoring rules for mobile homes do not apply to boat trailers or to luggage and travel trailers that are not permanent residences, and no building permit is required to block and anchor them - Sec. 17-4(b)","City of Hallandale Beach Code of Ordinances Secs. 8-1, 8-90 (Municode)",https://library.municode.com/fl/hallandale_beach/codes/code_of_ordinances?nodeId=PTIICOOR_CH8BUCOCO_ARTIINGE_S8-1LOOBRERE,2026-10,verified,"8-90 node PTIICOOR_CH8BUCOCO_ARTIIIFLMA_DIV3FLREDE_S8-90MIELCOINWITIINAR. No vessel, debris or emergency-permit rule found.",Second read 3 Oct 2026: every quoted clause re-opened on Municode (current job) and matched.
lauderdale-by-the-sea,storm-prep,10 working days,max time roofing materials sit on a roof in season,"Lauderdale-By-The-Sea requires construction materials, roof tiles and debris on all sites to be secured, stored or removed when a tropical storm or hurricane watch or warning covers any part of Broward County, and from June 1 to November 30 roofing materials may be loaded no earlier than ten working days before installation. After a disaster the Town clears private roads only for emergency access - no other private property.","Watch or warning :: All construction materials, including roof tiles, and debris on all building and construction sites shall be secured, stored or removed; broadcasts by the National Weather Service or National Hurricane Center count as notice - Code Sec. 6-9(a)-(b) | Rooftop stockpiles :: Materials stockpiled on a structure must be installed, or banded and mechanically fastened, tied down on the ground, removed, or stored inside - Sec. 6-9(c); in season, roofing materials loaded no earlier than ten working days before permanent installation - Sec. 6-9(e); owner and general contractor jointly responsible - Sec. 6-9(f) | Private-road debris :: The Town clears debris from private streets, rights-of-way and easements only to give emergency vehicles access; no other property will be cleared in a private community - Sec. 10-46 (Ord. 2010-14) | Seawall clock :: A tidal flood barrier in disrepair is a citable civil infraction; progress within 60 days, as determined by the Town, and completion within 365 days - Sec. 9-63 | Town steps in :: If the section is violated, the Town may take whatever emergency action it deems necessary to secure, store or remove loose construction materials and debris; materials stay secured until every portion of Broward County is out of the watch or warning - Sec. 6-9(d), (g)","Town of Lauderdale-By-The-Sea Code of Ordinances Secs. 6-9, 9-63, 10-46 (Municode)",https://library.municode.com/fl/lauderdale-by-the-sea/codes/code_of_ordinances?nodeId=PTIICOOR_CH6BUBURE_ARTIINGE_S6-9RESECOMADUTRSTHUWAWARE,2026-10,verified,Other nodes: 10-46 PTIICOOR_CH10GARE_ARTIIISOWA_DIV1GE_S10-46DECOPRRODUEM; 9-63 PTIICOOR_CH9FLPRCO_ARTXIRESTTIFLPR_S9-63MIELCOINWITIINAR. No vessel rule found.,Second read 3 Oct 2026: every quoted clause re-opened on Municode (current job) and matched.
miami,storm-prep,Evacuate early,city marinas recommend leaving before a watch,"Miami's own marinas say city mooring facilities are not safe in tropical storms or hurricanes and recommend vessels leave before a hurricane watch or warning; if an owner does not, the Harbormaster may move or secure the boat and charge a fee. Licensees must keep a hurricane plan on file. Private seawalls must be kept in good repair, with 180 days to start abating after a citation.","City mooring facilities :: City mooring facilities are not safe locations for vessels during tropical storms or hurricanes; the city recommends vessels evacuate prior to a hurricane watch or warning. If a vessel is not removed before a storm, the city may remove it if reasonable or have the Harbormaster secure it, may charge a reasonable fee, and is not liable for storm damage - Code Sec. 50-16 | Hurricane plan on file :: Licensees at all city marinas and mooring facilities must file and maintain a plan with emergency contacts and the names of people authorized to secure the vessel in advance of a tropical storm or hurricane - Sec. 50-17 | Emergency vessel repairs :: Licensees consent to the dockmaster or harbormaster making emergency repairs (failed bilge, fuel or sewage pumps, leaks, chafed or broken lines); costs are billed to the owner, payable within 24 hours of return - Sec. 50-15 | Seawall repair clock :: Owners must keep seawalls and other shoreline protection in good repair; privately owned waterfront improvements are privately maintained even where they extend into public land. On citation: begin abating within 180 days by retaining a licensed contractor to apply for a permit, begin repairs within 18 months and finish within 24 months (12 and 18 months for walls designed to be raised); extensions in six-month increments - Sec. 29-95 | State law :: Private marinas may not require vessels to leave after a hurricane watch or warning, but may by contract remove or secure a vessel that is not promptly removed after a tropical storm or hurricane watch, for a reasonable fee - s. 327.59(1)-(3), Fla. Stat. (2026)","City of Miami Code of Ordinances Secs. 29-95, 50-15, 50-16, 50-17 (Municode); s. 327.59, Fla. Stat. (2026)",https://library.municode.com/fl/miami/codes/code_of_ordinances?nodeId=PTIITHCO_CH50SHVEWA_ARTIINGE_S50-16HUTRSTEVVESTEV,2026-10,verified,Other nodes: 50-17 PTIITHCO_CH50SHVEWA_ARTIINGE_S50-17RELIFIMAHUPL; 50-15 PTIITHCO_CH50SHVEWA_ARTIINGE_S50-15EMRE; 29-95 PTIITHCO_CH29LAWAIM_ARTIIIBUSELISHPIDOGRMARAOTSIST_S29-95MA. s. 327.59 read at flsenate.gov/Laws/Statutes/2026/327.59. Sec. 50-16 governs city mooring facilities only. No construction-site or debris rule found.,Second read 3 Oct 2026: every quoted clause re-opened on Municode (current job) and matched. 327.59 cited here once as state context.
surfside,storm-prep,Secure or remove,boats and trailers on a hurricane warning,"Surfside requires boats and boat trailers stored on lots in the H30A and H30B districts to be secured or removed immediately on a hurricane warning, and portable storage units to be removed. Construction sites - including single-family and duplex jobs - must be secured on a hurricane watch or tropical storm warning, and permitted emergency repairs may be done outside normal hours with after-the-fact approval.","Boats on lots :: Boats and boat trailers stored on any lot in the H30A or H30B districts shall be secured or removed immediately upon issuance of a hurricane warning by a recognized governmental agency - Code Sec. 90-65(k); boats may be parked only on a lot with a dwelling whose occupant owns them, and no major repairs or overhauls on the premises - Sec. 90-65(i)-(j) | Construction sites :: In the event a hurricane watch or tropical storm warning is issued, the owner and contractor of a construction site, including single-family or duplex construction, shall comply with Miami-Dade County Code Sec. 8-16 by securing the site, including removing or securing hazardous or loose objects - Sec. 14-104(b)(4) | Emergency repairs :: Emergency repairs which require a building permit are allowed as necessary outside regular construction hours, and must be approved after the fact by the town manager or designee - Sec. 14-32(2) | Storage pods :: All portable storage units shall be removed immediately upon the issuance of a hurricane warning by a recognized government agency - Sec. 90-53","Town of Surfside Code of Ordinances Secs. 14-32, 14-104, 90-53, 90-65 (Municode)",https://library.municode.com/fl/surfside/codes/code_of_ordinances?nodeId=PTIICO_CH90ZO_ARTVDEST_S90-65BOPA,2026-10,verified,Other nodes: 14-104 PTIICO_CH14BUBURE_ARTVCOSI_S14-104SECOSISAOTRE; 14-32 PTIICO_CH14BUBURE_ARTIIBUCO_S14-32COSCNO. Miami-Dade Code 8-16 itself not read. No seawall-maintenance or debris-collection rule found.,Second read 3 Oct 2026: every quoted clause re-opened on Municode (current job) and matched.
aventura,storm-prep,Hurricane watch,construction sites must be secured,"Aventura's construction-site rules require the owner, occupant or user of a site to secure it once a hurricane watch is issued, following Miami-Dade County Code Sec. 8-16. 'Secure' is defined broadly: construction shacks, temporary toilets, roofing tile, building materials, trash, forms and temporary power poles fastened down or removed, and exposed glass protected with storm shutters.","What 'secure' means :: Fastening down or removing all hazardous objects such as construction shacks, temporary toilets, roofing tile, building materials, trash, forms, insecure structures and temporary electric service poles, and protecting exposed glass areas with storm shutters - Code Sec. 14-100(b)(2)a | When :: In the event a hurricane watch is issued by the United States Weather Bureau, the owner, occupant or user of a construction site shall comply with Miami-Dade County Code Sec. 8-16 by taking all steps necessary to secure the site - Sec. 14-100(f)(4) | Which sites :: Construction site includes all sites where new construction, remodeling or additions take place, other than interior work not visible from outside - Sec. 14-100(b)(1)",City of Aventura Code of Ordinances Sec. 14-100 (Municode),https://library.municode.com/fl/aventura/codes/code_of_ordinances?nodeId=PTIICOOR_CH14BUBURE_ARTVCOSI_S14-100SECOSIOTRE,2026-10,verified,"No vessel, seawall-maintenance, emergency-permit or debris rule found. Miami-Dade Code 8-16 itself not read.",Second read 3 Oct 2026: every quoted clause re-opened on Municode (current job) and matched.
sunny-isles-beach,storm-prep,$500,"fine for failing to secure, per city schedule","Sunny Isles Beach requires all construction materials, including roof tiles, on every project site to be secured or removed once a severe weather advisory is issued for any part of Miami-Dade County, or on the Building Official's order before a storm. The city's civil penalty schedule lists $500 for failing to secure buildings and equipment and $200 for failing to remove debris, equipment, materials or sheds.","Severe weather advisory :: Upon a severe weather advisory for any portion of Miami-Dade County, or as provided in the city's emergency plan, or on order of the Building Official in anticipation of a storm emergency, all construction materials, including roof tiles, on all project sites shall be secured and stored on-site or removed so no material can become a hazard in hurricane or tropical storm force winds - Code Sec. 135-2(J)(1) | Who is responsible :: The owner and contractor are responsible for removing or securing construction materials from the site - Sec. 135-2(J) | Fines :: Failure to secure buildings and equipment (County Code 8-16): $500.00; failure to remove debris, equipment, materials or sheds (County Code 8-14): $200.00 - city civil penalty schedule, Sec. 14-17 | Beach chairs :: Under the city's permit conditions, beach chairs and equipment must be removed immediately on a tropical storm warning or hurricane watch; in a declared state of emergency the City Manager may give at least eight hours' notice to remove them - Sec. 108-10 | Definition used :: The trigger is a severe weather advisory as defined in Sec. 8-16 of the Uniform Building Code of Miami Dade County, or an order of the Building Official in anticipation of a storm emergency - Sec. 135-2(J)","City of Sunny Isles Beach Code of Ordinances Secs. 14-17, 135-2 (Municode)",https://library.municode.com/fl/sunny_isles_beach/codes/code_of_ordinances?nodeId=PAII_CH135COSI_ARTISE_S135-2REOWOCUSCOSI,2026-10,verified,"14-17 node PAI_CH14COEN_S14-17ABRECOEXLI. No vessel, seawall-maintenance or post-storm debris rule found.",Second read 3 Oct 2026: every quoted clause re-opened on Municode (current job) and matched.
bay-harbor-islands,storm-prep,3 hours,after a hurricane watch to empty dumpsters and clear yard debris,"Bay Harbor Islands gives landowners three hours after a hurricane watch is posted for Miami-Dade County to empty or cover dumpsters of construction debris and to remove or tie down yard debris and trash, and the rule stays in force until the all-clear. Yard waste may not be put out at all after a watch unless a private hauler collects it before the warning.","Three-hour rule :: The owner of any land shall empty or secure with a cover dumpsters containing construction debris and materials, and remove or tie and secure yard debris and other trash including tree trimmings, within three hours after notice of a Hurricane Watch has been posted for Miami-Dade County; the requirement remains until an 'all clear' is posted - Code Sec. 23-12(3) | Yard waste :: Once an official hurricane watch is issued, no person shall place yard waste on the public right-of-way or on private property unless the owner arranges for a private hauler to pick it up before a hurricane warning is issued - Sec. 24-16.10(15) | Job sites :: On a hurricane watch, the owner, occupant or user of a construction site must secure it under Miami-Dade County Code Sec. 8-16 - Sec. 5-5(j) | Civil liability :: The three-hour rule creates a civil liability in addition to other remedies - Sec. 23-12(3) | Power lines :: Landscaping must be kept so vegetative matter is no closer than five feet from any energized electric transmission or service line - Sec. 24-16.10(16)","Town of Bay Harbor Islands Code of Ordinances Secs. 5-5, 23-12, 24-16.10 (Municode)",https://library.municode.com/fl/bay_harbor_islands/codes/code_of_ordinances?nodeId=PTIICOOR_CH23ZOPL_ARTIZORE_S23-12GEPR,2026-10,verified,Other nodes: 24-16.10 PTIICOOR_CH24PRMAST_S24-16.10MARE; 5-5 PTIICOOR_CH5BUCO_ARTIINGE_S5-5COSIOP. No vessel or seawall-maintenance storm rule found.,Second read 3 Oct 2026: every quoted clause re-opened on Municode (current job) and matched.
bal-harbour,storm-prep,Hurricane plan,required of marinas and multi-slip docks,"Bal Harbour requires new marinas and multi-slip docking facilities to prepare hurricane plans approved by the Emergency Management/Building Inspector. On a tropical storm watch or hurricane watch, construction-site owners, occupants and users - and property owners under the property maintenance standards - must secure loose or hazardous objects under Miami-Dade County Code Sec. 8-16.","Marinas and multi-slip docks :: Marinas and multi-slip docking facilities shall prepare hurricane plans describing measures to minimize damage to marina sites, neighbouring properties and the environment, reviewed and approved by the Emergency Management/Building Inspector - Code Sec. 21-437(5) | Job sites :: If a tropical storm watch or hurricane watch is issued, the owner, occupant or user of a construction site shall secure it under Miami-Dade County Code Sec. 8-16, including removal or securing of objects that could become hazardous or loose - Sec. 6-202(e) | Property owners :: The same watch triggers an emergency-plan duty on the property owner under the property maintenance standards - Sec. 6-201(e)","Village of Bal Harbour Code of Ordinances Secs. 6-201, 6-202, 21-437 (Municode)",https://library.municode.com/fl/bal_harbour/codes/code_of_ordinances?nodeId=PTIICOOR_CH21ZO_ARTVIIBOWABEDOFA_DIV2MA_S21-437NEMAMUIPDOFA,2026-10,verified,Other nodes: 6-202 PTIICOOR_CH6BUBURE_ARTVIICOSIOP_S6-202COSIOP; 6-201 PTIICOOR_CH6BUBURE_ARTVIICOSIOP_S6-201PRMAST. No seawall-maintenance or debris rule found.,Second read 3 Oct 2026: every quoted clause re-opened on Municode (current job) and matched.
west-palm-beach,storm-prep,48 hours,emergency-repair stay for live-aboards on Lake Worth,"West Palm Beach bans live-aboard vessels from mooring or anchoring in the city's part of Lake Worth, except in marina districts or designated mooring areas, or for emergency repairs limited to 48 hours. Bulk and white goods should not be put out once a hurricane watch or warning is issued, and after a disaster debris removal in private communities is, as a general rule, the community's responsibility.","Live-aboards :: It is unlawful to moor or anchor a live-aboard vessel in the waters of Lake Worth within the city, except in a marina zoning district or posted mooring area, or for the purpose of making emergency repairs but limited to a period of 48 hours - Code Sec. 54-291 | Bulk goods :: Bulk goods and white goods should not be placed out for collection after a hurricane warning or watch has been issued or during a named storm - Sec. 74-4(b)(2) | Private communities :: After a disaster the city's primary mission is lives, services and public streets; as a general proposition, removal of debris from private residential communities is the responsibility of the private community, though the city may act on an immediate threat - Sec. 74-39(a) | Right-of-way work :: Upon a tropical storm warning or hurricane watch or warning, each contractor, individual or entity subject to the section must immediately begin securing the public rights-of-way and public property under the city's storm preparation procedures - Sec. 78-482(a)","City of West Palm Beach Code of Ordinances Secs. 54-291, 74-4, 74-39, 78-482 (Municode)",https://library.municode.com/fl/west_palm_beach/codes/code_of_ordinances?nodeId=PTIICOOR_CH54OF_ARTIXOFRELAWO_S54-291MOANLIOAVEWALAWOPRDEEX,2026-10,verified,"Other nodes: 74-4 PTIICOOR_CH74SOWA_ARTIINGE_S74-4RESTGE; 74-39 PTIICOOR_CH74SOWA_ARTIISOWACODI_S74-39DIDEREPRCO. No seawall-maintenance or construction-site storm rule found in the Code of Ordinances (zoning is on enCodePlus, not searched).",Second read 3 Oct 2026: every quoted clause re-opened on Municode (current job) and matched.
north-palm-beach,storm-prep,Affixed or removed,boats at homes on a storm warning,"North Palm Beach requires boats and trailers kept at homes (boats up to 30 ft and 12 ft high) to be securely affixed to the ground or removed immediately on a hurricane or tropical storm warning. No one may generate yard waste for collection once a watch or warning covers the village, job-site wind screens come down on a warning, and docks, boat lifts and bulkheads must be kept structurally sound.","Boats at home :: Boat length may not exceed thirty (30) feet excluding trailer, and height twelve (12) feet; such equipment shall be securely affixed to the ground or removed immediately upon a hurricane or tropical storm warning by a recognized government agency - Code Sec. 18-35 | Yard waste :: No property owner shall generate yard waste for collection once any portion of the village is under a hurricane or tropical storm watch or warning from the National Hurricane Center - Sec. 14-27 | Job sites :: Wind screening on construction fences must be removed on a hurricane or tropical storm warning and reinstalled no later than ten (10) days after the threat ends - Sec. 6-163 | Docks and lifts :: Accessory structures including docks, piers, boat lifts and bulkheads must be maintained structurally sound and in good repair - Sec. 15-2(f) | Pile size :: Outside storm periods, yard waste is limited to one pile of about eight cubic yards, roughly four feet wide by fifteen feet long by four feet tall - Sec. 14-27 | Gates :: Construction-site gates must be secured and locked whenever workers are not on site - Sec. 6-163","Village of North Palm Beach Code of Ordinances Secs. 6-163, 14-27, 15-2, 18-35 (Municode)",https://library.municode.com/fl/north_palm_beach/codes/code_of_ordinances?nodeId=PTIICOOR_CH18MOVETR_ARTIIISTSTPA_S18-35BOBOTRPAREPRREREZODI,2026-10,verified,Other nodes: 14-27 PTIICOOR_CH14HESA_ARTIIGATRRE_DIV2GACODI_S14-27COREYAWA; 6-163 PTIICOOR_CH6BUBURE_ARTVIICOSIST_S6-163STRECOSI; 15-2 PTIICOOR_CH15HO_ARTIPRMAST_S15-2EXPRAR. No repair deadline or emergency-permit rule found.,Second read 3 Oct 2026: every quoted clause re-opened on Municode (current job) and matched.
palm-beach,storm-prep,Every 15 years,engineer recertification of seawalls,"Palm Beach requires all bulkheads and seawalls to be kept impervious, without cracks or holes that pass sand; a cited owner must submit an engineer's condition survey and repair plans, certify completion, and recertify the wall every 15 years. During a tropical storm or hurricane watch or warning for any part of Palm Beach County, construction materials and roof tiles must be secured, stored or removed.","Seawall standard :: All bulkheads and seawalls shall be maintained in good condition to protect upland and foreshore properties, limit wave overtopping, and be impervious without cracks or holes that would allow the passage of sand - Code Sec. 62-77 | When cited :: A condition survey by a Florida professional engineer, with plans to implement the recommendations, must be submitted; on completion an engineer's certification is due, and recertification is required every 15 years from the original certification. The same survey applies when a new building or renovations over 50 percent of the primary structure's value are proposed - Sec. 62-77 (Ord. 17-99; 20-10) | Fines :: Sec. 62-77 is a Class III violation: $250 first offence, $500 second and subsequent - Sec. 2-439 | Storm watch or warning :: All construction materials, including roof tiles, and debris on building and construction sites shall be secured, stored or removed; the owner and general contractor are jointly responsible - Sec. 18-1014(a), (f)","Town of Palm Beach Code of Ordinances Secs. 2-439, 18-1014, 62-77 (Municode)",https://library.municode.com/fl/palm_beach/codes/code_of_ordinances?nodeId=PTIICOOR_CH62MAST_ARTIIIBUPILAWO_S62-77MACEALBUSE,2026-10,verified,"Other nodes: 18-1014 PTIICOOR_CH18BUBURE_ARTXVIIEMMEDUSTEV_S18-1014RESECOMADUTRSTHUWAWARE; 2-439 PTIICOOR_CH2AD_ARTVCOEN_DIV3PR_S2-439CIFISC. Sec. 18-1014(e) (in-season rooftop loading rule) not read, so not stated. No vessel or debris rule found.",Second read 3 Oct 2026: every quoted clause re-opened on Municode (current job) and matched.
palm-beach-gardens,storm-prep,Edge of pavement,where private-road storm debris goes,"Palm Beach Gardens collects post-disaster debris from public and private roads once a local, state or federal emergency is declared; on private roads it must be placed at the edge of pavement or brought to the nearest public right-of-way at the owner's expense. Emergency repairs need a permit application the next working business day, with the address, nature of the emergency and scope reported immediately or by the next business day.","Collection :: When a local, state or federal state of emergency is declared, the city manager may spend public funds to collect and remove disaster debris from public lands, public roads and private roads - Code Sec. 54-63(a)-(c) (Ord. 32, 2008) | Placement :: Public roads: within the right-of-way, never in the roadway. Private roads: at the edge of pavement or brought to the nearest public right-of-way at the owner's expense - Sec. 54-63(d) | Emergency repairs :: Permit application within the next working business day; notification to the building official including the work address, nature of emergency and scope of work immediately, or by next business day - city amendment to Florida Building Code s. 105.2.1, adopted in Sec. 86-27 | Storage pods :: Portable storage units must be removed immediately on a tropical storm or hurricane watch or warning that would impact the city - Sec. 78-392(c)","City of Palm Beach Gardens Code of Ordinances Secs. 54-63, 78-392, 86-27 (Building Code administrative amendments s. 105) (Municode)",https://library.municode.com/fl/palm_beach_gardens/codes/code_of_ordinances?nodeId=PTIICOOR_CH54SOWA_ARTIIICO_S54-63POSADECO,2026-10,verified,Other nodes: SPBLADERE_CH86BUBURE_ARTIIST_EXSE86-27_S105PE; 78-392 SPBLADERE_CH78LADE_ARTVSUDIRE_DIV9OREPALO_SDIVPASTCOVEBUTRTRREVEWAPOSTUN_S78-392PASTPOSTUN. No vessel or seawall-maintenance rule found.,Second read 3 Oct 2026: every quoted clause re-opened on Municode (current job) and matched.
boynton-beach,storm-prep,Five piles,how storm debris must be sorted at the curb,"Boynton Beach removes disaster debris from city property, county and state roads and private roads after a major or catastrophic disaster, but owners must stack it with its leading edge in the three-foot roadside shoulder, sorted into five piles - household, vegetative, construction and demolition, white goods, and hazardous or electronic waste - and away from lines, meters and hydrants.","City authority :: After a declared state of emergency the City Manager may remove disaster-generated debris on city-owned property, county/state roads and private roads, only after a major or catastrophic disaster and on a finding of immediate threat, threat of significant damage to city property, or need for economic recovery - Code Sec. 10-32 | Placement :: Neatly stacked with its leading edge within the three (3) foot roadside shoulder; not under power lines, on water meters, or within three (3) feet of power poles, fire hydrants, vehicles, mailboxes or fences - Sec. 10-32(f)(1), (3) | Sorting :: Separate piles for putrescent and mixed household items, vegetative debris, construction and demolition debris, white goods, and hazardous household and electronic waste - Sec. 10-32(f)(2) | Damage :: Damage to personal property caused by debris placed inconsistently with the section is the owner's responsibility - Sec. 10-32(g)",City of Boynton Beach Code of Ordinances Sec. 10-32 (Municode),https://library.municode.com/fl/boynton_beach/codes/code_of_ordinances?nodeId=CH10GATROFCO_ARTIIREGATR_S10-32DINEDEREMAPLAUPRLI,2026-10,verified,"No vessel, construction-site, emergency-permit or seawall-maintenance storm rule found in the Code of Ordinances (LDR not searched).",Second read 3 Oct 2026: every quoted clause re-opened on Municode (current job) and matched.
highland-beach,storm-prep,"$5,000",maximum fine for an unsecured job site,"Highland Beach requires construction materials to be secured on a hurricane watch, and roof tiles not yet fastened to be removed or secured before a warning; ignoring the building official can bring a stop-work order and a fine of up to $5,000 set by the Town Commission after the storm. Owners must keep seawalls in good repair, and a code enforcement order can require abatement within 30 days.","Construction :: All construction materials on-site must be secured and fastened on a hurricane watch or when the building official notifies that the town has declared an emergency; roof tiles placed but not fastened before a hurricane warning must be removed or secured - Code Sec. 12-5(a)-(b) | Penalty :: Failure may result in a stop-work order and/or a maximum five thousand dollar ($5,000.00) fine determined after the hurricane by the town commission; an unpaid fine holds up the certificate of occupancy or final inspection - Sec. 12-5(c) | Seawall duty :: All seawalls, bulkheads and retaining walls shall be maintained and kept in good repair by the owner - Sec. 6-130 | Abatement :: After a hearing on at least ten days' notice, the code enforcement board may order abatement within a reasonable time not to exceed thirty (30) days; if ignored, the town may do the work and charge the owner costs, interest and fees. If a seawall emergency exists, the town manager calls an immediate commission meeting to declare it - Sec. 6-132(a), (c), (d)","Town of Highland Beach Code of Ordinances Secs. 6-130, 6-132, 12-5 (Municode)",https://library.municode.com/fl/highland_beach/codes/code_of_ordinances?nodeId=PTIICOOR_CH12COSI_S12-5HUPR,2026-10,verified,Other nodes: 6-130 PTIICOOR_CH6BUST_ARTVSEBUREWA_S6-130MA; 6-132 PTIICOOR_CH6BUST_ARTVSEBUREWA_S6-132ABNUINDACO. No vessel or debris rule found.,Second read 3 Oct 2026: every quoted clause re-opened on Municode (current job) and matched.
marathon,storm-prep,Right of entry,to clear debris from private canals,"Marathon gives the City a right of entry to remove disaster debris from canals, private or public - and from upland lots next to a canal when needed for equipment - when the City Manager finds an immediate threat, including submerged or partially submerged vessels making a canal impassable. Commercial dock applications must include an approved hurricane preparedness plan.","Canals :: The City has the right of entry and authority to remove disaster-generated debris on or in canals, whether privately or publicly owned, when the debris poses an immediate threat; the right extends to adjacent upland private property needed for equipment access - Code Sec. 26-103.1 (Ord. 2017-08; 2023-01) | Threat test :: Includes contaminants likely to impair city waterways, and debris - including submerged or partially submerged vessels - rendering canals impassible or extremely dangerous to vessels or blocking first responders - Sec. 26-103.1 | Commercial docks :: Applications must include an approved hurricane preparedness plan; all docks, piers, seawalls and revetments are designed by a professional engineer - LDR Sec. 104.64",City of Marathon Code Sec. 26-103.1 and LDR Sec. 104.64 (municipalcodeonline.com),https://marathon.municipalcodeonline.com/book?type=ordinances#name=Sec_26-103.1_Canals,2026-10,verified,"Code hosted on municipalcodeonline.com. No residential vessel-securing, construction-site or emergency-permit rule found.",Second read 3 Oct 2026: both sections re-opened on marathon.municipalcodeonline.com and quoted text matched.
islamorada,storm-prep,Owner's responsibility,"debris on private property, including boats in canals","Islamorada treats removal of disaster debris from private property as the owner's responsibility, though the Village may clear private rights-of-way, gated communities and canals after a significant disaster when there is an immediate threat; its definition of disaster debris expressly includes marine vessels deposited in canals. New vertical seawalls are not permitted on open water except under state criteria.","Debris :: As a general proposition, removal of disaster-generated debris from private property is the responsibility of the property owner; the Village may evaluate and remove debris from private rights-of-way, gated communities or canals in the event of an immediate threat after a significant disaster - Code Sec. 13-10 | Boats count as debris :: Disaster-generated debris includes trees, branches, personal property, marine vessels and building material deposited on village property or rights-of-way, on private roads or in canals as a direct result of a major or catastrophic disaster - Sec. 13-10 | Rebuilding a wall :: New vertical seawall or bulkhead structures shall not be permitted on open water except under the criteria in s. 373.414(5), F.S. - Sec. 30-1545","Village of Islamorada Code Secs. 13-10, 30-1545 (municipalcodeonline.com)",https://islamorada.municipalcodeonline.com/book?type=ordinances#name=Sec_13-10_Disaster-Generated_Debris_Removal,2026-10,verified,"Code hosted on municipalcodeonline.com, not Municode. No vessel-securing, construction-site or emergency-permit rule found in 'hurricane' search hits.",Second read 3 Oct 2026: both sections re-opened on islamorada.municipalcodeonline.com and quoted text matched.
key-largo,storm-prep,,,,,,,2026-10,needs-review,"Unincorporated Monroe County: only county-wide rules apply - Monroe Code Sec. 6-33(d) (construction materials incl. roof tiles, lumber, scaffolding removed/secured after a TS or hurricane watch or warning) and Sec. 11-2 (county may remove disaster debris, defined to include marine vessels, from private rights-of-way, gated communities or canals). Identical across Key Largo/Tavernier/Big Pine/Cudjoe, so these rows would fail the doorway guard without place-specific facts.",Not published: nothing city-specific enough to verify
wilton-manors,storm-prep,12 hours,before hurricane-force winds to comply with an order,"Wilton Manors applies hurricane rules to occupied homes as well as job sites: on a hurricane watch, materials in exposed outdoor areas must be removed unless permanently affixed, and anyone given a city order must comply by the deadline but no later than twelve hours before hurricane-force winds arrive. Mooring structures in disrepair are a public nuisance.","Hurricane watch :: The owner, occupant or user of a construction site or premises certified for occupancy must take all steps needed to secure it, including removal or securing of potentially hazardous or loose objects - Code Sec. 16-34(f)(1) | Special inspections :: On a hurricane watch, all materials in exposed areas outside occupied structures must be removed unless permanently affixed; anyone ordered by the Building Official or Code Compliance must comply within the time given, but no later than twelve (12) hours before hurricane-force winds - Sec. 16-34(f)(2) | Docks and moorings :: Mooring structures must be maintained in good repair and structurally sound by the property owner; one not in good repair or unsafe is a public nuisance, and floating or submersible structures must be secured to the property - Sec. 11-9(b) (Ord. 2020-002) | How orders arrive :: Orders go in writing to the person on the premises most logically responsible for maintenance, or by facsimile if no one is present - Sec. 16-34(f)(2)a | Clean docks :: Boat owners and the landowner must keep docks, seawalls and adjacent premises free of stale fish, garbage, fish bait, boat equipment and repair parts - Sec. 11-9(a)","City of Wilton Manors Code of Ordinances Secs. 11-9, 16-34 (Municode)",https://library.municode.com/fl/wilton_manors/codes/code_of_ordinances?nodeId=PTIICOOR_CH16SOWA_ARTIISOWASE_S16-34COSI,2026-10,verified,11-9 node PTIICOOR_CH11MAACSHST_S11-9MAARSUMOVE. No debris-collection or emergency-permit rule found.,Second read 3 Oct 2026: every quoted clause re-opened on Municode (current job) and matched.
hillsboro-beach,storm-prep,Pre-storm inspection,required for active exterior job sites,"Hillsboro Beach requires every active construction site with exterior work or exterior storage to pass a pre-storm inspection before a tropical storm or hurricane warning is issued, and contractors holding a permit in hurricane season must monitor the National Weather Service. Seawalls must be kept in good repair, with 60 days to show progress and 365 days to finish, unless the Town Commission extends.","Pre-storm inspection :: Required for all active construction sites involving exterior work and/or exterior storage of materials; the site must pass before a tropical storm or hurricane warning is issued, the owner or contractor must be reachable by phone until it passes, and failure is a violation - Code Sec. 12-50(F)(2) | Notice :: Broadcasts by the National Weather Service or National Hurricane Center are notice; owner and contractor must secure or remove materials and debris, and a contractor holding a permit in hurricane season must monitor both agencies - Sec. 12-50(F)(1) | Seawall clock :: Owners shall maintain seawalls in good repair; a cited owner must demonstrate progress within 60 days of notice and complete the repair within 365 days of citation or as extended by the Town Commission - Sec. 12-268 | Hazardous vegetation :: Land must be kept free of debris or vegetation, including palms with lethal yellowing, that could cause damage in hurricane winds - Sec. 6-47","Town of Hillsboro Beach Code of Ordinances Secs. 6-47, 12-50, 12-268 (Municode)",https://library.municode.com/fl/hillsboro_beach/codes/code_of_ordinances?nodeId=PTIICO_CH12LADECO_DIV4SIPLPRRE_S12-50COSIMA,2026-10,verified,Other nodes: 12-268 PTIICO_CH12LADECO_DIV5ZO_ARTXIIIADEXMO_S12-268SE; 6-47 PTIICO_CH6GATRDI_ARTIIIREWEOTRE_S6-47REDELIOCHUHA. No vessel rule found.,Second read 3 Oct 2026: every quoted clause re-opened on Municode (current job) and matched.
oakland-park,storm-prep,,,,,,,2026-10,needs-review,Only Sec. 24-66(e): temporary construction trailers removed immediately on a hurricane warning. Nothing marine-specific.,Not published: nothing city-specific enough to verify
sea-ranch-lakes,storm-prep,,,,,,,2026-10,needs-review,Only Sec. 5.04.02(B) (inspect property before hurricane season; keep land free of hazard debris) and Sec. 12.00.07(3) (portable storage units removed on a hurricane warning). Nothing marine-specific.,Not published: nothing city-specific enough to verify
north-bay-village,storm-prep,Manager can order boats out,on a hurricane warning,"North Bay Village authorizes the Village Manager, on a hurricane warning or alert, to order vessels removed from any dock, pier, wharf or mooring in the Village if a vessel would endanger public safety. Boats and trailers parked at homes must be mechanically secured to the ground on a hurricane warning, and the Manager may lift the gas leaf-blower ban for storm cleanup.","Removal order :: In the event of a hurricane warning or alert, or other danger to public safety, the Village Manager may in his discretion order vessels removed from any dock, pier, wharf or other mooring within the Village if the vessel would constitute a danger to public safety - Code Sec. 150.20; penalty Sec. 150.99 | Boats at home :: Boats and trailers shall be mechanically secured to the ground upon issuance of a hurricane warning pertaining to North Bay Village - Sec. 70.02(11) | Yard waste :: Once an official hurricane watch is issued, no landscape debris may be placed on or within ten feet of the public right-of-way unless the Village Manager instructs otherwise in writing - Sec. 100.02(A) | Cleanup :: After a hurricane, tropical storm or similar extreme weather event, the Village Manager may temporarily suspend the chapter to permit gas-powered leaf blowers for debris cleanup - Sec. 105.03 (Ord. 2022-002)","North Bay Village Code of Ordinances Secs. 70.02, 100.02, 105.03, 150.20 (Municode)",https://library.municode.com/fl/north_bay_village/codes/code_of_ordinances?nodeId=TITXVLAUS_CH150BODOWA_BOVEHO_S150.20HUSTRE,2026-10,verified,Other nodes: 70.02 TITVIITRCO_CH70TRPARE_S70.02PABOBOTRPR; 100.02 TITIXGERE_CH100TRPRPR_S100.02PRSTDA; 105.03 TITIXGERE_CH105USGWELEBL_S105.03TESUSTHUCL. No seawall-maintenance rule found.,Second read 3 Oct 2026: every quoted clause re-opened on Municode (current job) and matched.
golden-beach,storm-prep,Unsafe structures,deteriorated docks and seawalls,"Golden Beach's Town Council has declared deteriorated, broken, cracked or failing docks and seawalls to be unsafe structures that must be repaired or replaced after a notice to repair. Seawall and hurricane-protection violations carry $250 for a first offence rising to $300-$500 for a fourth. Yard waste may not go to the curb once a hurricane watch is issued.","Docks and seawalls :: Docks and seawalls, if deteriorated, broken, cracked or in a state of disrepair, are unsafe structures and shall be repaired or replaced after notice to repair is served on the owner as provided in Sec. 14-31 - Code Sec. 46-83 (Ord. 514.06) | Fines :: Seawalls: $250.00 first offence, $250-$500 second and third, $300.00-$500.00 fourth; Hurricane Protection Measures: the same scale - Sec. 2-211(a) | Yard waste :: Once an official hurricane watch is issued, no landscape debris may be placed on or within ten feet of the public right-of-way unless instructed in writing by the Town Manager - Sec. 14-115(a) | State exemption :: Replacing or repairing an existing dock within 5 feet of its location and no larger, without fill, and restoring a seawall at or within 18 inches waterward of its previous location, are exempt from a state environmental resource permit - s. 403.813(1)(d)-(e), Fla. Stat. (2026)","Town of Golden Beach Code of Ordinances Secs. 2-211, 14-115, 46-83 (Municode); s. 403.813(1)(d)-(e), Fla. Stat. (2026)",https://library.municode.com/fl/golden_beach/codes/code_of_ordinances?nodeId=SPAGEOR_CH46WA_ARTIVSEDO_S46-83RERE,2026-10,verified,"Other nodes: 2-211 SPAGEOR_CH2AD_ARTVICOCOEN_S2-211VIPE; 14-115 SPAGEOR_CH14EN_ARTIVHUPRME_S14-115PRSTDA. Sec. 14-31 (notice to repair) not found/read, so no repair deadline is stated. s. 403.813 read at flsenate.gov 2026; note it contains no emergency provision.",Second read 3 Oct 2026: every quoted clause re-opened on Municode (current job) and matched. 403.813 cited here once as state context.
palmetto-bay,storm-prep,Secured against wind,boats and PWC stored at homes,"Palmetto Bay requires boats and personal watercraft kept at homes to sit on a transport trailer and be secured so they are not a hazard in high winds or a hurricane. Construction sites must file a site management plan showing how materials, dumpsters and trash will be secured in hurricane season, and from June through November must be kept clear of loose debris or secured.","Boats at home :: The boat or personal watercraft shall be placed on and secured to a transport trailer, and shall be so secured that it will not be a hazard or menace during high winds or hurricane; no parking in the right-of-way including the swale - Code Sec. 30-60.8(a)(5)-(7) | Loading and cleaning :: A boat may be parked in front of the building line for no more than four hours in any 24-hour period while hitched to an operable, tagged vehicle for cleaning or loading, and may not be used for living or sleeping quarters - Sec. 30-60.8(a)(4), (6) | Site management plan :: No construction without permits; a site management plan with material storage and the mechanism for securing it, and the location of dumpsters and method of securing trash during hurricane season, must be approved before the permit is issued - Sec. 30-60.11(a) | Hurricane season :: During hurricane season (June through November), the construction site shall be maintained clean of loose debris and/or secured under the Village code and the Florida Building Code - Sec. 30-60.11(c)","Village of Palmetto Bay Code of Ordinances Secs. 30-60.8, 30-60.11 (Municode)",https://library.municode.com/fl/palmetto_bay/codes/code_of_ordinances?nodeId=COOR_CH30ZO_ARTIIVIPABAFLANDECO_DIV30-60GERE_S30-60.8REBOSTRECAEQTEAWCA,2026-10,verified,"30-60.11 node COOR_CH30ZO_ARTIIVIPABAFLANDECO_DIV30-60GERE_S30-60.11PNSCOSTSI. No seawall-maintenance, emergency-permit or debris rule found.",Second read 3 Oct 2026: every quoted clause re-opened on Municode (current job) and matched.
cutler-bay,storm-prep,,,,,,,2026-10,needs-review,"Only general items found: Sec. 3-155(m) shutters may stay up no more than four weeks after a weather emergency; Sec. 3-171 RVs secured. Nothing on boats at docks, seawalls, debris or emergency permits.",Not published: nothing city-specific enough to verify
miami-shores,storm-prep,Good repair,seawall duty in the zoning code,"Miami Shores Village requires all owners to keep seawalls in good repair and substantially impermeable, and treats work costing half the wall's value within a year as substantial repair that must meet 4 ft NAVD88. Once a hurricane watch is issued, yard waste may not be placed on or near the right-of-way unless the village manager instructs otherwise.","Seawall duty :: All property owners must maintain their seawalls in good repair; a seawall is presumed in disrepair if it allows upland erosion, transfer of material through it, or tidal water to flow unimpeded to neighbours or the right-of-way - Zoning Code Sec. 560(f) | Storm repairs that count as substantial :: Any combination of repair or replacement within a one-year period costing 50 percent or more of the wall's pre-repair value is substantial and must meet the minimum elevation (4 ft NAVD88 / 5.5 ft NGVD29) for the property's continuous wall - Sec. 560(d)-(e) | Hurricane watch :: No yard waste on any portion of the public right-of-way or within ten feet of it once an official hurricane watch is issued, unless the village manager instructs in writing - Code Sec. 8-23(a)",Miami Shores Village Code of Ordinances Sec. 8-23; Appendix A Zoning Sec. 560 (Ord. 2018-04) (Municode),https://library.municode.com/fl/miami_shores_village/codes/code_of_ordinances?nodeId=PTIICOOR_APXAZO_ARTVSURE_DIV23SERE_S560SERE,2026-10,verified,8-23 node PTIICOOR_CH8EMMA_ARTIIIHUPRME_S8-23RE. No repair deadline after citation found; no vessel or construction-site storm rule found.,Second read 3 Oct 2026: every quoted clause re-opened on Municode (current job) and matched.
ocean-ridge,storm-prep,,,,,,,2026-10,needs-review,"Confirmed in code: Sec. 64-81 (seawall, bulkhead or dock in disrepair is a public nuisance) and Sec. 18-5 (post-disaster permit suspension: building permits suspended except emergency or minor damage repairs; damaged-building permits may be applied for 30 days after the emergency is lifted). Held because a town-wide post-storm permit suspension may be limited by recent state legislation on post-hurricane local restrictions, which was not checked; publishing it unqualified could mislead.",Not published: possible state preemption unchecked
gulf-stream,storm-prep,14 days,plywood may stay up before and after a storm,"Gulf Stream treats makeshift plywood hurricane protection as a nuisance unless it goes up no more than 14 days before landfall and comes down within 14 days after, and treats a seawall or bulkhead in disrepair that lets adjacent land erode as a nuisance too. After a declared emergency the town may clear private roads of debris as well as public rights-of-way.","Plywood :: Makeshift hurricane protection devices such as plywood or similar material which remain in place except for 14 days prior to storm landfall and 14 days following storm passage are a nuisance - Code Sec. 22-31(21) | Seawalls and docks :: A seawall or bulkhead which falls into a state of disrepair or ruin so as to allow erosion to adjacent land, and docks, walls or other structures in a failing or dangerous condition, are nuisances - Sec. 22-31(7), (20) | Private roads :: When a local state of emergency is declared, the town may clear private roads of debris in addition to public rights-of-way - Sec. 18-60 (Ord. 06-03) | Other nuisances :: Also nuisances: sand, soil or fill left from construction projects; filth, garbage, trash or debris; and discarded, scrapped or partially dismantled boats or parts of boats - Sec. 22-31(5), (6), (18)","Town of Gulf Stream Code of Ordinances Secs. 18-60, 22-31 (Municode)",https://library.municode.com/fl/gulf_stream/codes/code_of_ordinances?nodeId=PTIICOOR_CH22NU_ARTIIUNUNUNCO_S22-31PR,2026-10,verified,"18-60 node PTIICOOR_CH18EMSY_ARTIIIPODIDERE_S18-60DEEM. No vessel, construction-site or emergency-permit rule found; no repair deadline found.",Second read 3 Oct 2026: every quoted clause re-opened on Municode (current job) and matched.
manalapan,storm-prep,Perpetual,owner's maintenance duty for coastal structures,"Manalapan makes coastal structures the perpetual maintenance responsibility of their owners, with seawalls and bulkheads kept impervious to sand and free of cracks or holes, enforced through the Code Enforcement Board or Special Master. During a tropical storm or hurricane watch or warning for any part of Palm Beach County, construction materials must be secured, and in season roofing materials loaded on a roof must be tied down immediately.","Coastal structures :: All coastal structures shall be the perpetual maintenance responsibility of the owner(s), kept in good repair and structurally sound; seawalls and bulkheads must be impervious to sand, without cracks or holes; failure is a violation - Code Sec. 155.64(A)-(B) | Storm watch or warning :: All construction materials, including roof tiles, and debris on building and construction sites must be secured, stored or removed; owner and general contractor jointly responsible - Sec. 152.112(A), (F) | Roofing in season :: From June 1st to November 30th, construction or roofing materials loaded on a roof shall immediately be tied down and remain tied down - Sec. 152.112(E) | After an emergency :: The Town Manager may suspend or waive the vegetation chapter during an officially declared emergency such as a hurricane - Sec. 157.46 | Notice and duration :: Media broadcasts or notices from the National Weather Service or National Hurricane Center count as notice, and materials stockpiled on top of a structure under construction must be permanently installed or otherwise secured; materials stay secured until the weather service lifts the watch or warning - Sec. 152.112(B)-(D)","Town of Manalapan Code of Ordinances Secs. 152.112, 155.64, 157.46 (Municode)",https://library.municode.com/fl/manalapan/codes/code_of_ordinances?nodeId=TITXVLAUS_CH155BEWA_COASTAL_STRUCTURES_S155.64MARECOSTEN,2026-10,verified,Other nodes: 152.112 TITXVLAUS_CH152BURE_CONSTRUCTION_SITE_STANDARDS_S152.112RESECOMADUTRSTHUWAWARE; 157.46 TITXVLAUS_CH157LAVEMA_VEGETATION_PROTECTIONANPR_S157.46SUPRTIEM. No vessel or debris rule found.,Second read 3 Oct 2026: every quoted clause re-opened on Municode (current job) and matched.
tequesta,storm-prep,,,,,,,2026-10,needs-review,"Found Sec. 14-182 (construction materials secured on TS/hurricane watch or warning - county template), Sec. 14-32 local FBC 105.2.1 (emergency repair permit next working business day + notification), Sec. 78-306 (shutters opened within two weeks of the event). No vessel, seawall or debris rule; row would duplicate Palm Beach Gardens/Manalapan text.",Not published: nothing city-specific enough to verify
juno-beach,storm-prep,Remove on a watch,beach-stored watercraft,"Juno Beach allows only non-motorized watercraft to be stored on the beach, by town permit, and owners must remove them on notice of a hurricane watch; failing to comply within 48 hours can cost the permit and lead to impoundment. After a declared disaster the town clears debris from public and private streets, with private-road owners holding the town harmless.","Beach storage :: Storage of nonmotorized watercraft on the beach requires a town permit; no motorized watercraft may be stored on the beach or dune - Code Sec. 18-100(a) | Hurricane watch :: Upon notification of a hurricane watch from the county's division of emergency management or area news weather stations, the owner shall remove the watercraft - Sec. 18-100(d)(4); failure to comply within 48 hours results in permit revocation and may result in boat impoundment - Sec. 18-100(d)(6) | Street debris :: After the mayor declares a state of emergency, the town may clear debris from public and private streets and rights-of-way, including private communities; owners of private roads hold the town harmless, and removal is limited to eliminating an imminent threat - Sec. 22-1 (Ord. 598)","Town of Juno Beach Code of Ordinances Secs. 18-100, 22-1 (Municode)",https://library.municode.com/fl/juno_beach/codes/code_of_ordinances?nodeId=PTIICOOR_CH18PARE_ARTIIUSCOREPA_DIV3SWBO_S18-100BESTWA,2026-10,verified,"22-1 node PTIICOOR_CH22SOWA_ARTIINGE_S22-1DEREALPUPRSTRI-W. Sec. 6-110 (construction materials) found but not read in detail, so not stated. No seawall-maintenance rule found.",Second read 3 Oct 2026: every quoted clause re-opened on Municode (current job) and matched.
riviera-beach,storm-prep,,,,,,,2026-10,needs-review,Only Sec. 11-208(e) (registered/foreclosed property: materials secured on a hurricane warning). Nothing marine-specific.,Not published: nothing city-specific enough to verify
lantana,storm-prep,,,,,,,2026-10,needs-review,Only Sec. 12-1 (hurricane-hazard debris is a nuisance) and Sec. 6-30(d) (shutters). Nothing marine-specific.,Not published: nothing city-specific enough to verify
south-palm-beach,storm-prep,,,,,,,2026-10,needs-review,Only Sec. 10-91 adopting the county FBC amendment 105.2.1 (emergency repair permit next working business day). Nothing marine-specific.,Not published: nothing city-specific enough to verify
lake-worth-beach,storm-prep,Shelter exception,vessels may anchor during a hurricane watch,Lake Worth Beach does not consent to any vessel anchoring or mooring in city waterways and requires those that do to be able to move under their own power and evacuate immediately in an emergency - but vessels seeking shelter or safe harbour during hurricanes or a hurricane watch or warning are exempt. Portable storage units must leave the city on a hurricane warning.,"Anchoring rules :: Every vessel anchored or moored in city waterways must be able to navigate under its own power and immediately evacuate in an emergency, carry working lights and show a white all-round light visible two nautical miles at night - Code Sec. 22-3(a) | No consent :: The city does not consent to any vessel anchoring or mooring in city waterways and assumes no liability for them - Sec. 22-3(b) | Storm exception :: The prohibitions do not apply to vessels seeking shelter or safe harbor during hurricanes or periods of hurricane watch or warning issued by the National Weather Service, or to vessels in the Intracoastal Waterway - Sec. 22-3(b)(2), (4) (Ord. 2003-18) | Storage pods :: Portable storage units must be removed from the city immediately on a hurricane warning; removal is the owner/operator's responsibility - Sec. 23.4-18","City of Lake Worth Beach Code of Ordinances Secs. 22-3, 23.4-18 (Municode)",https://library.municode.com/fl/lake_worth_beach/codes/code_of_ordinances?nodeId=PTIICOOR_CH22WA_S22-3LIANMOWA,2026-10,verified,"23.4-18 node PTIICOOR_CH23LADERE_ART4DEST_S23.4-18POSTUN. No seawall-maintenance, construction-site or debris rule found.",Second read 3 Oct 2026: every quoted clause re-opened on Municode (current job) and matched.
big-pine-key,storm-prep,,,,,,,2026-10,needs-review,"Unincorporated Monroe County - same county-only rules as Key Largo (Monroe Code Secs. 6-33(d), 11-2). No place-specific rule.",Not published: nothing city-specific enough to verify
key-colony-beach,storm-prep,120 percent,strap rating for boats left on lifts,"Key Colony Beach makes owners responsible for securing boats and gear for storms, and if a hurricane watch is declared while an owner will be away more than a week, boats on lifts must be strapped with lines rated to 120 percent of the loaded boat's weight. A 2026 ordinance sets a seawall repair clock: safety measures in 15 days, engineer in 60, permit applications in 120, and completion within 12 months of permit approval.","Owners secure boats :: Owners are responsible for securing boats, boating equipment and appurtenances in storms or hurricanes; seasonal residents secure before leaving, and residents during the season secure before leaving for more than two (2) days - Code Sec. 5-8 (Ord. 295-1995) | Boats on lifts :: When a hurricane watch is declared and the owner is not available to secure the boat for more than one (1) week, boats on elevator lifts must be secured with line or straps rated to 120 per cent of the gross weight of boat and accessories, including fuel and water - Sec. 5-43(6) | Seawall clock :: On notice of an unsafe or deteriorated seawall: within 15 days install temporary safety measures; within 60 days retain a Florida professional engineer and submit an evaluation and plan; within 120 days submit all permit applications (including FDEP and/or Army Corps where applicable); complete within 12 months of permit approval. Extensions only for documented progress - Sec. 6-45(b)-(c) (Ord. 2026-509, 3-19-26) | Rentals :: Failure to comply can revoke a vacation rental licence or business tax receipt until full compliance - Sec. 6-45(e)","City of Key Colony Beach Code of Ordinances Secs. 5-8, 5-43, 6-45 (Municode)",https://library.municode.com/fl/key_colony_beach/codes/code_of_ordinances?nodeId=PTIICOOR_CH6BU_ARTIIDAST_S6-45SECOCOREEN,2026-10,verified,Other nodes: 5-8 PTIICOOR_CH5BOBOTRMAFAWA_ARTIOPVE_S5-8HUSTPR; 5-43 PTIICOOR_CH5BOBOTRMAFAWA_ARTIIIMACOIMDOBO_DIV3DOPIMOEQ_S5-43ELLI.,Second read 3 Oct 2026: every quoted clause re-opened on Municode (current job) and matched.
tavernier,storm-prep,,,,,,,2026-10,needs-review,"Unincorporated Monroe County - same county-only rules as Key Largo (Monroe Code Secs. 6-33(d), 11-2). No place-specific rule.",Not published: nothing city-specific enough to verify
cudjoe-key,storm-prep,,,,,,,2026-10,needs-review,"Unincorporated Monroe County - same county-only rules as Key Largo (Monroe Code Secs. 6-33(d), 11-2). No place-specific rule.",Not published: nothing city-specific enough to verify
